Datetime,Open,High,Low,Close,Adj Close,Volume
2019-05-03 00:00:00-04:00,2947.5,2947.5,2947.5,2947.5,2947.5,159243
2019-05-06 00:00:00-04:00,2947.5,2947.5,2883.75,2932.5,2932.5,159243
2019-05-07 00:00:00-04:00,2912.0,2930.75,2862.5,2890.75,2890.75,246925
2019-05-08 00:00:00-04:00,2890.25,2899.25,2868.75,2887.25,2887.25,254506
2019-05-09 00:00:00-04:00,2884.25,2885.5,2836.25,2872.75,2872.75,340659
2019-05-10 00:00:00-04:00,2870.25,2893.0,2826.0,2887.0,2887.0,396057
2019-05-13 00:00:00-04:00,2881.25,2881.25,2801.75,2807.0,2807.0,383783
2019-05-14 00:00:00-04:00,2806.75,2854.0,2799.5,2839.25,2839.25,181543
2019-05-15 00:00:00-04:00,2840.0,2860.0,2815.0,2855.0,2855.0,217593
2019-05-16 00:00:00-04:00,2854.25,2894.25,2840.5,2878.5,2878.5,220248
2019-05-17 00:00:00-04:00,2879.25,2887.75,2852.5,2862.0,2862.0,302279
2019-05-20 00:00:00-04:00,2861.5,2876.75,2832.25,2844.0,2844.0,263910
2019-05-21 00:00:00-04:00,2847.5,2870.75,2846.5,2866.0,2866.0,158252
2019-05-22 00:00:00-04:00,2864.75,2869.75,2848.5,2857.5,2857.5,176205
2019-05-23 00:00:00-04:00,2856.75,2858.5,2805.5,2819.5,2819.5,300590
2019-05-24 00:00:00-04:00,2821.75,2842.0,2819.25,2831.75,2831.75,175700
2019-05-28 00:00:00-04:00,2831.0,2841.25,2800.5,2805.0,2805.0,211121
2019-05-29 00:00:00-04:00,2802.0,2806.25,2766.25,2780.0,2780.0,300492
2019-05-30 00:00:00-04:00,2780.5,2799.25,2776.5,2790.5,2790.5,200684
2019-05-31 00:00:00-04:00,2790.0,2791.0,2750.0,2752.5,2752.5,327277
2019-06-03 00:00:00-04:00,2742.25,2763.75,2728.75,2749.5,2749.5,416559
2019-06-04 00:00:00-04:00,2753.0,2807.0,2744.0,2805.0,2805.0,266160
2019-06-05 00:00:00-04:00,2805.75,2829.75,2800.75,2827.75,2827.75,308867
2019-06-06 00:00:00-04:00,2823.25,2853.25,2812.75,2845.75,2845.75,260902
2019-06-07 00:00:00-04:00,2840.75,2886.25,2837.75,2875.0,2875.0,230882
2019-06-10 00:00:00-04:00,2891.0,2905.75,2880.5,2889.25,2889.25,166943
2019-06-11 00:00:00-04:00,2890.0,2911.5,2879.25,2887.0,2887.0,224585
2019-06-12 00:00:00-04:00,2886.0,2890.75,2875.25,2881.0,2881.0,170033
2019-06-13 00:00:00-04:00,2881.75,2896.5,2867.5,2894.5,2894.5,200890
2019-06-14 00:00:00-04:00,2893.25,2898.75,2880.5,2890.5,2890.5,82327
2019-06-17 00:00:00-04:00,2890.5,2900.5,2887.5,2892.0,2892.0,19085
2019-06-18 00:00:00-04:00,2894.0,2931.75,2884.5,2921.75,2921.75,18230
2019-06-19 00:00:00-04:00,2921.25,2932.25,2910.75,2929.0,2929.0,14448
2019-06-20 00:00:00-04:00,2927.75,2959.75,2923.25,2955.75,2955.75,10647
2019-06-21 00:00:00-04:00,2952.25,2956.75,2944.0,2953.89990234375,2953.89990234375,220993
2019-06-24 00:00:00-04:00,2948.25,2961.5,2944.75,2952.0,2952.0,160580
2019-06-25 00:00:00-04:00,2951.25,2958.25,2919.75,2922.0,2922.0,249219
2019-06-26 00:00:00-04:00,2922.5,2939.0,2914.5,2918.0,2918.0,193670
2019-06-27 00:00:00-04:00,2916.0,2936.0,2915.0,2931.0,2931.0,181879
2019-06-28 00:00:00-04:00,2933.75,2955.25,2929.75,2944.25,2944.25,167475
2019-07-01 00:00:00-04:00,2964.0,2982.25,2955.5,2967.75,2967.75,206810
2019-07-02 00:00:00-04:00,2967.75,2980.25,2958.5,2979.5,2979.5,191244
2019-07-03 00:00:00-04:00,2979.25,3001.0,2973.75,3000.25,3000.25,122088
2019-07-05 00:00:00-04:00,3000.0,3005.5,2971.5,2990.5,2990.5,208873
2019-07-08 00:00:00-04:00,2991.25,2994.75,2973.25,2978.5,2978.5,183018
2019-07-09 00:00:00-04:00,2978.25,2986.25,2963.5,2982.0,2982.0,174556
2019-07-10 00:00:00-04:00,2982.25,3007.5,2971.25,2997.5,2997.5,242428
2019-07-11 00:00:00-04:00,2996.25,3006.75,2992.5,3004.0,3004.0,209744
2019-07-12 00:00:00-04:00,3003.0,3017.75,3002.0,3015.5,3015.5,142816
2019-07-15 00:00:00-04:00,3016.0,3024.0,3011.0,3017.25,3017.25,132130
2019-07-16 00:00:00-04:00,3017.0,3021.75,3004.25,3007.0,3007.0,165821
2019-07-17 00:00:00-04:00,3005.75,3013.0,2980.5,2985.0,2985.0,167007
2019-07-18 00:00:00-04:00,2981.25,3005.5,2974.5,2997.5,2997.5,229943
2019-07-19 00:00:00-04:00,3003.5,3009.75,2969.25,2977.0,2977.0,262655
2019-07-22 00:00:00-04:00,2973.75,2993.5,2972.25,2989.0,2989.0,186865
2019-07-23 00:00:00-04:00,2989.0,3008.75,2987.5,3008.0,3008.0,209110
2019-07-24 00:00:00-04:00,3003.25,3022.0,2996.0,3021.5,3021.5,194065
2019-07-25 00:00:00-04:00,3018.75,3027.75,2998.0,3006.5,3006.5,291736
2019-07-26 00:00:00-04:00,3006.75,3029.5,3006.0,3024.5,3024.5,173468
2019-07-29 00:00:00-04:00,3022.25,3027.5,3015.5,3021.75,3021.75,178198
2019-07-30 00:00:00-04:00,3023.0,3027.5,3001.5,3012.25,3012.25,237838
2019-07-31 00:00:00-04:00,3015.25,3020.5,2957.75,2982.25,2982.25,451065
2019-08-01 00:00:00-04:00,2971.5,3014.0,2944.5,2952.0,2952.0,701486
2019-08-02 00:00:00-04:00,2950.75,2961.0,2913.25,2932.5,2932.5,557195
2019-08-05 00:00:00-04:00,2930.75,2933.5,2820.75,2830.0,2830.0,723771
2019-08-06 00:00:00-04:00,2817.5,2884.0,2776.0,2876.0,2876.0,637888
2019-08-07 00:00:00-04:00,2875.0,2891.25,2823.0,2880.5,2880.5,765873
2019-08-08 00:00:00-04:00,2878.5,2941.5,2870.5,2940.0,2940.0,317162
2019-08-09 00:00:00-04:00,2931.0,2936.0,2898.75,2919.75,2919.75,473100
2019-08-12 00:00:00-04:00,2920.25,2930.75,2872.5,2880.25,2880.25,445371
2019-08-13 00:00:00-04:00,2882.5,2944.25,2866.75,2932.0,2932.0,461077
2019-08-14 00:00:00-04:00,2930.0,2936.5,2835.75,2840.75,2840.75,569458
2019-08-15 00:00:00-04:00,2836.0,2871.75,2817.75,2848.5,2848.5,719454
2019-08-16 00:00:00-04:00,2850.0,2894.75,2849.5,2891.5,2891.5,315805
2019-08-19 00:00:00-04:00,2893.0,2932.25,2892.25,2923.75,2923.75,211871
2019-08-20 00:00:00-04:00,2921.0,2932.75,2894.25,2898.25,2898.25,244063
2019-08-21 00:00:00-04:00,2894.0,2932.5,2893.0,2929.25,2929.25,187679
2019-08-22 00:00:00-04:00,2931.75,2939.75,2904.0,2922.25,2922.25,264640
2019-08-23 00:00:00-04:00,2920.25,2936.75,2834.0,2855.5,2855.5,501966
2019-08-26 00:00:00-04:00,2833.75,2888.25,2810.0,2883.25,2883.25,354113
2019-08-27 00:00:00-04:00,2883.25,2899.5,2860.0,2865.5,2865.5,301020
2019-08-28 00:00:00-04:00,2865.5,2891.0,2851.75,2889.75,2889.75,275588
2019-08-29 00:00:00-04:00,2884.25,2930.75,2875.25,2926.75,2926.75,256909
2019-08-30 00:00:00-04:00,2923.75,2946.5,2913.25,2924.75,2924.75,259821
2019-09-03 00:00:00-04:00,2913.5,2926.5,2889.0,2906.0,2906.0,394439
2019-09-04 00:00:00-04:00,2903.25,2939.5,2902.0,2938.5,2938.5,217291
2019-09-05 00:00:00-04:00,2937.75,2986.75,2936.5,2972.0,2972.0,291346
2019-09-06 00:00:00-04:00,2971.0,2988.25,2970.25,2980.75,2980.75,220131
2019-09-09 00:00:00-04:00,2980.0,2991.75,2969.25,2978.25,2978.25,181052
2019-09-10 00:00:00-04:00,2979.25,2984.75,2957.25,2978.5,2978.5,259700
2019-09-11 00:00:00-04:00,2979.5,3004.5,2972.25,3002.0,3002.0,204351
2019-09-12 00:00:00-04:00,3002.5,3021.75,3001.0,3011.75,3011.75,319497
2019-09-13 00:00:00-04:00,3010.5,3024.0,3003.5,3006.5,3006.5,49788
2019-09-16 00:00:00-04:00,2997.75,3003.25,2981.0,2999.0,2999.0,30303
2019-09-17 00:00:00-04:00,3001.75,3006.5,2991.25,3005.5,3005.5,18363
2019-09-18 00:00:00-04:00,3005.75,3011.25,2978.25,3006.25,3006.25,20187
2019-09-19 00:00:00-04:00,3007.5,3022.25,2989.0,3006.0,3006.0,13729
2019-09-20 00:00:00-04:00,3004.75,3016.25,3003.25,3013.610107421875,3013.610107421875,303170
2019-09-23 00:00:00-04:00,2995.0,3008.0,2982.0,2997.0,2997.0,243011
2019-09-24 00:00:00-04:00,3002.25,3012.5,2958.5,2970.25,2970.25,478998
2019-09-25 00:00:00-04:00,2972.0,2991.75,2953.5,2986.25,2986.25,301205
2019-09-26 00:00:00-04:00,2987.0,2995.5,2964.25,2980.5,2980.5,277246
2019-09-27 00:00:00-04:00,2981.25,2993.0,2946.0,2963.75,2963.75,361744
2019-09-30 00:00:00-04:00,2975.25,2986.25,2964.5,2978.5,2978.5,199855
2019-10-01 00:00:00-04:00,2984.25,2994.25,2936.75,2937.75,2937.75,331879
2019-10-02 00:00:00-04:00,2942.25,2949.0,2874.0,2880.5,2880.5,404895
2019-10-03 00:00:00-04:00,2884.5,2913.0,2855.0,2911.75,2911.75,424733
2019-10-04 00:00:00-04:00,2912.25,2953.25,2890.25,2951.0,2951.0,322583
2019-10-07 00:00:00-04:00,2937.25,2959.25,2926.5,2937.5,2937.5,271879
2019-10-08 00:00:00-04:00,2935.25,2950.0,2890.75,2892.5,2892.5,437173
2019-10-09 00:00:00-04:00,2894.0,2932.0,2888.25,2919.0,2919.0,286742
2019-10-10 00:00:00-04:00,2920.0,2953.75,2881.75,2941.0,2941.0,403091
2019-10-11 00:00:00-04:00,2948.5,2993.75,2941.75,2970.75,2970.75,349487
2019-10-14 00:00:00-04:00,2967.75,2982.25,2954.0,2965.5,2965.5,210619
2019-10-15 00:00:00-04:00,2967.0,3003.25,2966.25,2997.75,2997.75,229519
2019-10-16 00:00:00-04:00,2998.25,2998.25,2984.75,2991.5,2991.5,233214
2019-10-17 00:00:00-04:00,2992.5,3008.0,2985.25,2998.0,2998.0,250867
2019-10-18 00:00:00-04:00,2998.5,3001.0,2975.0,2988.25,2988.25,263667
2019-10-21 00:00:00-04:00,2985.0,3007.5,2983.75,3006.5,3006.5,183087
2019-10-22 00:00:00-04:00,3006.75,3014.0,2988.0,2994.5,2994.5,258327
2019-10-23 00:00:00-04:00,2991.75,3007.0,2982.0,3005.75,3005.75,202708
2019-10-24 00:00:00-04:00,3005.5,3015.5,2998.5,3004.25,3004.25,225499
2019-10-25 00:00:00-04:00,3004.0,3026.5,3000.0,3020.25,3020.25,197825
2019-10-28 00:00:00-04:00,3023.0,3042.75,3022.0,3036.25,3036.25,177810
2019-10-29 00:00:00-04:00,3039.0,3046.0,3029.5,3035.75,3035.75,204832
2019-10-30 00:00:00-04:00,3036.25,3055.5,3023.25,3047.75,3047.75,251594
2019-10-31 00:00:00-04:00,3052.5,3052.75,3020.0,3035.75,3035.75,339183
2019-11-01 00:00:00-04:00,3036.75,3065.25,3033.0,3063.25,3063.25,193991
2019-11-04 00:00:00-05:00,3064.25,3083.5,3064.25,3075.75,3075.75,174837
2019-11-05 00:00:00-05:00,3077.25,3085.75,3069.75,3072.0,3072.0,197388
2019-11-06 00:00:00-05:00,3071.75,3078.0,3063.25,3075.5,3075.5,217605
2019-11-07 00:00:00-05:00,3077.25,3097.5,3070.25,3086.0,3086.0,205063
2019-11-08 00:00:00-05:00,3086.5,3092.5,3072.5,3090.5,3090.5,155419
2019-11-11 00:00:00-05:00,3091.0,3092.0,3074.5,3087.5,3087.5,114085
2019-11-12 00:00:00-05:00,3087.75,3102.0,3081.25,3092.0,3092.0,164987
2019-11-13 00:00:00-05:00,3091.5,3097.0,3075.75,3095.5,3095.5,203289
2019-11-14 00:00:00-05:00,3096.25,3099.75,3081.75,3097.0,3097.0,176971
2019-11-15 00:00:00-05:00,3097.5,3119.5,3095.75,3118.25,3118.25,156320
2019-11-18 00:00:00-05:00,3119.25,3128.0,3111.0,3121.75,3121.75,159079
2019-11-19 00:00:00-05:00,3122.0,3132.5,3112.75,3118.5,3118.5,185564
2019-11-20 00:00:00-05:00,3116.25,3118.5,3090.75,3109.0,3109.0,288461
2019-11-21 00:00:00-05:00,3099.75,3114.5,3091.25,3104.0,3104.0,246821
2019-11-22 00:00:00-05:00,3103.75,3114.5,3097.75,3111.5,3111.5,167387
2019-11-25 00:00:00-05:00,3117.5,3133.5,3116.5,3132.75,3132.75,106466
2019-11-26 00:00:00-05:00,3131.25,3144.75,3128.0,3143.75,3143.75,147559
2019-11-27 00:00:00-05:00,3143.75,3155.0,3141.75,3153.75,3153.75,109230
2019-11-29 00:00:00-05:00,3154.25,3155.5,3139.5,3143.75,3143.75,117741
2019-12-02 00:00:00-05:00,3145.0,3157.75,3110.25,3114.25,3114.25,337301
2019-12-03 00:00:00-05:00,3114.0,3122.0,3069.5,3091.0,3091.0,398053
2019-12-04 00:00:00-05:00,3091.75,3119.5,3081.75,3111.0,3111.0,251916
2019-12-05 00:00:00-05:00,3110.75,3124.75,3103.5,3117.75,3117.75,263471
2019-12-06 00:00:00-05:00,3117.5,3151.25,3117.0,3146.0,3146.0,192303
2019-12-09 00:00:00-05:00,3146.5,3149.5,3131.25,3134.5,3134.5,159703
2019-12-10 00:00:00-05:00,3133.25,3143.0,3116.25,3136.0,3136.0,260448
2019-12-11 00:00:00-05:00,3136.0,3144.5,3129.75,3143.0,3143.0,189582
2019-12-12 00:00:00-05:00,3143.75,3177.25,3137.0,3168.0,3168.0,382964
2019-12-13 00:00:00-05:00,3173.75,3185.0,3156.75,3172.0,3172.0,78098
2019-12-16 00:00:00-05:00,3175.0,3198.75,3173.75,3194.25,3194.25,19693
2019-12-17 00:00:00-05:00,3192.5,3199.25,3187.75,3192.0,3192.0,13568
2019-12-18 00:00:00-05:00,3189.75,3198.75,3188.0,3194.75,3194.75,8339
2019-12-19 00:00:00-05:00,3195.5,3209.25,3190.25,3207.0,3207.0,7317
2019-12-20 00:00:00-05:00,3207.75,3231.02001953125,3204.0,3231.02001953125,3231.02001953125,152944
2019-12-23 00:00:00-05:00,3226.25,3234.25,3224.25,3227.25,3227.25,88119
2019-12-24 00:00:00-05:00,3227.5,3231.0,3222.5,3225.75,3225.75,40939
2019-12-26 00:00:00-05:00,3226.75,3244.75,3226.75,3244.5,3244.5,59828
2019-12-27 00:00:00-05:00,3241.75,3254.0,3235.5,3237.5,3237.5,151910
2019-12-30 00:00:00-05:00,3237.5,3244.5,3217.25,3223.5,3223.5,191801
2019-12-31 00:00:00-05:00,3223.0,3236.0,3213.0,3231.0,3231.0,144320
2020-01-02 00:00:00-05:00,3237.0,3261.75,3234.25,3259.0,3259.0,178832
2020-01-03 00:00:00-05:00,3260.75,3263.25,3207.0,3235.5,3235.5,310875
2020-01-06 00:00:00-05:00,3222.75,3249.5,3208.75,3243.5,3243.5,246527
2020-01-07 00:00:00-05:00,3243.0,3254.5,3226.0,3235.25,3235.25,221754
2020-01-08 00:00:00-05:00,3232.0,3267.5,3181.0,3260.25,3260.25,488406
2020-01-09 00:00:00-05:00,3259.75,3276.75,3257.75,3276.0,3276.0,198451
2020-01-10 00:00:00-05:00,3275.5,3287.0,3260.75,3264.75,3264.75,218016
2020-01-13 00:00:00-05:00,3265.75,3291.0,3265.5,3289.75,3289.75,156703
2020-01-14 00:00:00-05:00,3289.0,3296.5,3275.25,3288.0,3288.0,267615
2020-01-15 00:00:00-05:00,3287.5,3299.0,3278.0,3293.75,3293.75,235400
2020-01-16 00:00:00-05:00,3293.75,3318.0,3293.75,3316.5,3316.5,176499
2020-01-17 00:00:00-05:00,3316.75,3330.25,3316.0,3325.0,3325.0,172211
2020-01-21 00:00:00-05:00,3324.5,3330.0,3307.25,3319.5,3319.5,262273
2020-01-22 00:00:00-05:00,3320.5,3337.5,3315.25,3319.75,3319.75,221789
2020-01-23 00:00:00-05:00,3317.0,3327.0,3301.5,3326.0,3326.0,349429
2020-01-24 00:00:00-05:00,3326.25,3337.0,3280.5,3293.5,3293.5,521297
2020-01-27 00:00:00-05:00,3273.0,3273.0,3233.0,3239.5,3239.5,521503
2020-01-28 00:00:00-05:00,3239.5,3285.0,3238.5,3278.25,3278.25,349143
2020-01-29 00:00:00-05:00,3282.25,3292.75,3265.25,3272.5,3272.5,379821
2020-01-30 00:00:00-05:00,3272.0,3295.25,3239.5,3289.75,3289.75,541849
2020-01-31 00:00:00-05:00,3292.75,3297.5,3212.5,3224.0,3224.0,642183
2020-02-03 00:00:00-05:00,3222.0,3267.25,3221.5,3245.5,3245.5,386183
2020-02-04 00:00:00-05:00,3244.75,3305.25,3236.0,3299.5,3299.5,356578
2020-02-05 00:00:00-05:00,3299.25,3338.25,3288.25,3335.0,3335.0,416320
2020-02-06 00:00:00-05:00,3336.0,3357.5,3332.5,3345.25,3345.25,291379
2020-02-07 00:00:00-05:00,3348.75,3350.0,3320.75,3325.5,3325.5,382351
2020-02-10 00:00:00-05:00,3322.0,3353.5,3303.25,3353.0,3353.0,277254
2020-02-11 00:00:00-05:00,3350.75,3374.5,3349.5,3357.5,3357.5,281600
2020-02-12 00:00:00-05:00,3359.75,3381.5,3355.5,3380.5,3380.5,215754
2020-02-13 00:00:00-05:00,3380.25,3384.75,3348.5,3377.5,3377.5,325469
2020-02-14 00:00:00-05:00,3379.0,3388.25,3365.25,3381.0,3381.0,236867
2020-02-18 00:00:00-05:00,3381.25,3392.5,3355.25,3369.25,3369.25,333634
2020-02-19 00:00:00-05:00,3371.5,3394.0,3370.75,3387.25,3387.25,213909
2020-02-20 00:00:00-05:00,3391.25,3397.5,3339.5,3369.25,3369.25,554873
2020-02-21 00:00:00-05:00,3366.75,3369.5,3327.75,3339.25,3339.25,477927
2020-02-24 00:00:00-05:00,3315.0,3315.0,3213.75,3226.25,3226.25,824521
2020-02-25 00:00:00-05:00,3224.25,3259.5,3117.25,3132.5,3132.5,1152006
2020-02-26 00:00:00-05:00,3139.0,3182.0,3090.5,3110.25,3110.25,1070134
2020-02-27 00:00:00-05:00,3101.25,3117.0,2944.5,2957.0,2957.0,1282240
2020-02-28 00:00:00-05:00,2950.5,2995.75,2853.0,2951.0,2951.0,1735325
2020-03-02 00:00:00-05:00,2904.0,3093.0,2888.0,3065.0,3065.0,946817
2020-03-03 00:00:00-05:00,3077.0,3136.5,2973.0,2997.0,2997.0,1096486
2020-03-04 00:00:00-05:00,2988.75,3129.25,2976.75,3114.75,3114.75,647060
2020-03-05 00:00:00-05:00,3110.0,3114.0,2996.75,3015.5,3015.5,718122
2020-03-06 00:00:00-05:00,3024.0,3037.0,2898.0,2964.0,2964.0,913066
2020-03-09 00:00:00-04:00,2916.5,2917.0,2713.5,2747.75,2747.75,806067
2020-03-10 00:00:00-04:00,2733.5,2884.75,2694.75,2865.75,2865.75,1061592
2020-03-11 00:00:00-04:00,2861.75,2869.5,2703.0,2740.25,2740.25,1109823
2020-03-12 00:00:00-04:00,2738.25,2773.5,2442.0,2469.0,2469.0,1447148
2020-03-13 00:00:00-04:00,2433.0,2708.5,2393.25,2696.0,2696.0,503889
2020-03-16 00:00:00-04:00,2673.75,2698.5,2351.0,2416.25,2416.25,190088
2020-03-17 00:00:00-04:00,2420.75,2554.25,2365.0,2495.5,2495.5,167283
2020-03-18 00:00:00-04:00,2478.75,2498.75,2273.5,2414.0,2414.0,95464
2020-03-19 00:00:00-04:00,2414.25,2474.25,2287.25,2403.25,2403.25,101131
2020-03-20 00:00:00-04:00,2365.0,2513.0,2343.0,2437.97998046875,2437.97998046875,1626055
2020-03-23 00:00:00-04:00,2220.5,2385.5,2174.0,2220.5,2220.5,1317779
2020-03-24 00:00:00-04:00,2233.25,2448.0,2230.25,2438.0,2438.0,1057349
2020-03-25 00:00:00-04:00,2442.5,2561.5,2378.25,2467.0,2467.0,1397589
2020-03-26 00:00:00-04:00,2471.5,2626.0,2401.75,2608.0,2608.0,1146174
2020-03-27 00:00:00-04:00,2627.0,2635.0,2505.5,2524.0,2524.0,1022402
2020-03-30 00:00:00-04:00,2465.0,2621.5,2447.0,2611.25,2611.25,944238
2020-03-31 00:00:00-04:00,2612.25,2639.25,2555.75,2569.75,2569.75,864900
2020-04-01 00:00:00-04:00,2562.5,2562.5,2434.25,2448.0,2448.0,884677
2020-04-02 00:00:00-04:00,2458.25,2525.0,2424.75,2516.5,2516.5,1060722
2020-04-03 00:00:00-04:00,2514.0,2529.5,2448.75,2482.75,2482.75,823086
2020-04-06 00:00:00-04:00,2483.25,2668.5,2483.25,2644.5,2644.5,758938
2020-04-07 00:00:00-04:00,2645.5,2749.0,2623.75,2642.0,2642.0,1179264
2020-04-08 00:00:00-04:00,2640.75,2752.5,2620.75,2735.0,2735.0,989636
2020-04-09 00:00:00-04:00,2737.5,2809.75,2700.25,2779.75,2779.75,1114248
2020-04-13 00:00:00-04:00,2807.0,2820.5,2710.25,2759.25,2759.25,800021
2020-04-14 00:00:00-04:00,2760.5,2848.75,2752.5,2843.0,2843.0,735110
2020-04-15 00:00:00-04:00,2843.5,2845.75,2751.25,2775.0,2775.0,861143
2020-04-16 00:00:00-04:00,2767.5,2831.5,2746.5,2787.5,2787.5,960929
2020-04-17 00:00:00-04:00,2858.0,2885.25,2821.0,2870.0,2870.0,958259
2020-04-20 00:00:00-04:00,2861.75,2875.75,2804.25,2806.5,2806.5,951288
2020-04-21 00:00:00-04:00,2807.0,2833.25,2717.25,2732.0,2732.0,1350460
2020-04-22 00:00:00-04:00,2737.25,2808.0,2717.25,2788.5,2788.5,844258
2020-04-23 00:00:00-04:00,2790.25,2836.75,2772.5,2780.75,2780.75,1098113
2020-04-24 00:00:00-04:00,2777.0,2836.0,2755.0,2829.5,2829.5,718259
2020-04-27 00:00:00-04:00,2828.75,2883.0,2812.75,2869.0,2869.0,695131
2020-04-28 00:00:00-04:00,2867.75,2913.5,2851.25,2867.25,2867.25,974954
2020-04-29 00:00:00-04:00,2870.75,2959.5,2860.75,2941.0,2941.0,912841
2020-04-30 00:00:00-04:00,2956.5,2965.25,2878.25,2902.5,2902.5,1134559
2020-05-01 00:00:00-04:00,2873.0,2879.5,2811.75,2821.75,2821.75,990942
2020-05-04 00:00:00-04:00,2793.0,2835.75,2770.75,2825.25,2825.25,886987
2020-05-05 00:00:00-04:00,2827.0,2889.5,2824.5,2858.25,2858.25,760646
2020-05-06 00:00:00-04:00,2857.5,2886.25,2832.0,2833.5,2833.5,888865
2020-05-07 00:00:00-04:00,2832.25,2894.75,2823.25,2880.0,2880.0,833230
2020-05-08 00:00:00-04:00,2881.75,2932.75,2879.25,2928.5,2928.5,641598
2020-05-11 00:00:00-04:00,2921.0,2946.5,2889.5,2922.75,2922.75,801756
2020-05-12 00:00:00-04:00,2919.0,2939.75,2838.0,2852.5,2852.5,974692
2020-05-13 00:00:00-04:00,2840.0,2876.5,2786.25,2813.0,2813.0,1541126
2020-05-14 00:00:00-04:00,2820.25,2853.75,2760.25,2847.0,2847.0,1353295
2020-05-15 00:00:00-04:00,2846.0,2863.0,2809.5,2846.5,2846.5,1151670
2020-05-18 00:00:00-04:00,2860.0,2964.5,2850.0,2948.0,2948.0,768821
2020-05-19 00:00:00-04:00,2945.0,2976.25,2913.75,2918.75,2918.75,921190
2020-05-20 00:00:00-04:00,2913.75,2975.75,2908.5,2968.5,2968.5,865157
2020-05-21 00:00:00-04:00,2972.0,2973.5,2933.0,2937.0,2937.0,1079352
2020-05-22 00:00:00-04:00,2936.75,2957.25,2903.75,2953.0,2953.0,866849
2020-05-26 00:00:00-04:00,2948.75,3019.75,2947.75,2994.5,2994.5,1023998
2020-05-27 00:00:00-04:00,2994.25,3039.75,2965.5,3035.5,3035.5,1168154
2020-05-28 00:00:00-04:00,3034.5,3065.5,3019.5,3038.0,3038.0,958717
2020-05-29 00:00:00-04:00,3036.0,3058.5,2992.25,3042.0,3042.0,1176313
2020-06-01 00:00:00-04:00,3032.0,3058.75,3007.75,3054.0,3054.0,714753
2020-06-02 00:00:00-04:00,3052.75,3079.25,3034.25,3077.0,3077.0,764713
2020-06-03 00:00:00-04:00,3077.75,3129.5,3074.25,3117.75,3117.75,732402
2020-06-04 00:00:00-04:00,3117.0,3127.0,3087.5,3110.5,3110.5,1009461
2020-06-05 00:00:00-04:00,3113.5,3210.5,3106.25,3186.75,3186.75,1112781
2020-06-08 00:00:00-04:00,3192.25,3231.25,3183.25,3227.5,3227.5,790782
2020-06-09 00:00:00-04:00,3227.5,3231.0,3190.0,3205.5,3205.5,916394
2020-06-10 00:00:00-04:00,3205.0,3227.25,3179.75,3186.0,3186.0,1203733
2020-06-11 00:00:00-04:00,3183.75,3188.75,2996.25,3010.25,3010.25,1888206
2020-06-12 00:00:00-04:00,3015.0,3087.75,2982.25,3034.75,3034.75,676747
2020-06-15 00:00:00-04:00,3002.5,3079.5,2935.25,3073.0,3073.0,379285
2020-06-16 00:00:00-04:00,3077.0,3167.0,3071.25,3128.75,3128.75,261299
2020-06-17 00:00:00-04:00,3122.25,3158.0,3105.25,3118.0,3118.0,109140
2020-06-18 00:00:00-04:00,3114.5,3130.5,3075.5,3109.0,3109.0,87430
2020-06-19 00:00:00-04:00,3109.5,3161.260009765625,3106.5,3161.260009765625,3161.260009765625,1067306
2020-06-22 00:00:00-04:00,3043.0,3114.75,3027.5,3110.75,3110.75,828328
2020-06-23 00:00:00-04:00,3111.75,3145.5,3060.25,3118.5,3118.5,930977
2020-06-24 00:00:00-04:00,3113.0,3128.25,3019.5,3049.0,3049.0,1389332
2020-06-25 00:00:00-04:00,3047.0,3079.5,3005.5,3070.75,3070.75,1062543
2020-06-26 00:00:00-04:00,3071.5,3082.0,2992.75,3007.0,3007.0,1132229
2020-06-29 00:00:00-04:00,2986.25,3051.25,2983.5,3047.75,3047.75,894898
2020-06-30 00:00:00-04:00,3046.0,3101.0,3030.25,3090.25,3090.25,844962
2020-07-01 00:00:00-04:00,3085.0,3118.0,3062.75,3103.0,3103.0,870888
2020-07-02 00:00:00-04:00,3101.5,3156.75,3095.5,3129.0,3129.0,970423
2020-07-06 00:00:00-04:00,3121.0,3174.75,3120.75,3172.0,3172.0,1089068
2020-07-07 00:00:00-04:00,3169.75,3184.0,3132.5,3136.5,3136.5,882615
2020-07-08 00:00:00-04:00,3135.25,3166.25,3125.5,3163.5,3163.5,1139690
2020-07-09 00:00:00-04:00,3166.0,3170.75,3105.25,3141.0,3141.0,1277175
2020-07-10 00:00:00-04:00,3142.0,3182.0,3111.5,3178.5,3178.5,1116626
2020-07-13 00:00:00-04:00,3182.0,3226.25,3140.5,3148.25,3148.25,1318497
2020-07-14 00:00:00-04:00,3150.0,3192.0,3119.0,3183.5,3183.5,1635280
2020-07-15 00:00:00-04:00,3203.0,3233.0,3192.0,3219.5,3219.5,1419635
2020-07-16 00:00:00-04:00,3223.25,3228.5,3188.5,3194.5,3194.5,1073827
2020-07-17 00:00:00-04:00,3198.25,3225.25,3194.75,3214.0,3214.0,804718
2020-07-20 00:00:00-04:00,3214.25,3251.5,3190.25,3245.25,3245.25,771885
2020-07-21 00:00:00-04:00,3243.75,3273.0,3239.25,3251.25,3251.25,965242
2020-07-22 00:00:00-04:00,3249.25,3271.5,3227.25,3265.5,3265.5,870907
2020-07-23 00:00:00-04:00,3267.5,3284.5,3214.25,3227.5,3227.5,1187809
2020-07-24 00:00:00-04:00,3229.75,3239.0,3191.75,3204.0,3204.0,1041284
2020-07-27 00:00:00-04:00,3210.5,3235.0,3192.0,3232.25,3232.25,761517
2020-07-28 00:00:00-04:00,3234.75,3246.5,3208.0,3213.0,3213.0,811743
2020-07-29 00:00:00-04:00,3214.75,3257.0,3204.25,3252.5,3252.5,659438
2020-07-30 00:00:00-04:00,3256.75,3269.25,3195.0,3248.75,3248.75,1026724
2020-07-31 00:00:00-04:00,3269.25,3273.75,3212.5,3263.5,3263.5,1170078
2020-08-03 00:00:00-04:00,3270.75,3295.5,3254.5,3288.5,3288.5,549146
2020-08-04 00:00:00-04:00,3290.5,3301.5,3271.0,3300.0,3300.0,599455
2020-08-05 00:00:00-04:00,3300.5,3323.5,3292.25,3316.0,3316.0,542479
2020-08-06 00:00:00-04:00,3317.25,3346.0,3300.5,3344.25,3344.25,741215
2020-08-07 00:00:00-04:00,3343.5,3347.75,3322.5,3344.75,3344.75,909596
2020-08-10 00:00:00-04:00,3347.25,3357.25,3329.0,3352.75,3352.75,661329
2020-08-11 00:00:00-04:00,3350.5,3379.0,3319.75,3330.0,3330.0,974384
2020-08-12 00:00:00-04:00,3339.5,3382.25,3326.25,3370.0,3370.0,866719
2020-08-13 00:00:00-04:00,3367.75,3382.0,3357.5,3367.75,3367.75,714190
2020-08-14 00:00:00-04:00,3368.75,3380.25,3349.75,3361.5,3361.5,665298
2020-08-17 00:00:00-04:00,3365.75,3383.0,3365.0,3379.75,3379.75,408070
2020-08-18 00:00:00-04:00,3379.25,3390.5,3365.25,3387.0,3387.0,601229
2020-08-19 00:00:00-04:00,3388.5,3395.5,3365.5,3372.75,3372.75,720650
2020-08-20 00:00:00-04:00,3370.0,3387.0,3344.5,3380.75,3380.75,743300
2020-08-21 00:00:00-04:00,3383.5,3396.25,3356.5,3392.5,3392.5,723095
2020-08-24 00:00:00-04:00,3398.0,3429.25,3394.0,3427.5,3427.5,691359
2020-08-25 00:00:00-04:00,3427.0,3448.75,3421.75,3443.0,3443.0,731804
2020-08-26 00:00:00-04:00,3444.5,3483.5,3436.75,3480.25,3480.25,637492
2020-08-27 00:00:00-04:00,3479.5,3498.25,3464.75,3485.25,3485.25,1031257
2020-08-28 00:00:00-04:00,3487.75,3509.25,3480.75,3504.5,3504.5,713068
2020-08-31 00:00:00-04:00,3508.5,3524.5,3490.0,3499.0,3499.0,680344
2020-09-01 00:00:00-04:00,3493.75,3530.0,3484.25,3527.0,3527.0,701143
2020-09-02 00:00:00-04:00,3529.0,3587.0,3526.25,3579.25,3579.25,924937
2020-09-03 00:00:00-04:00,3578.5,3586.5,3424.75,3461.5,3461.5,1908869
2020-09-04 00:00:00-04:00,3455.0,3484.25,3347.75,3417.5,3417.5,1783626
2020-09-08 00:00:00-04:00,3420.5,3447.25,3327.5,3335.5,3335.5,2026634
2020-09-09 00:00:00-04:00,3320.0,3424.0,3295.5,3400.25,3400.25,1014612
2020-09-10 00:00:00-04:00,3395.75,3424.25,3327.25,3340.5,3340.5,1337442
2020-09-11 00:00:00-04:00,3345.5,3376.25,3308.75,3333.75,3333.75,451061
2020-09-14 00:00:00-04:00,3350.0,3402.75,3344.5,3382.5,3382.5,132567
2020-09-15 00:00:00-04:00,3378.75,3419.25,3376.5,3405.25,3405.25,77209
2020-09-16 00:00:00-04:00,3406.25,3429.75,3384.0,3389.5,3389.5,96782
2020-09-17 00:00:00-04:00,3392.75,3397.75,3320.5,3361.5,3361.5,106003
2020-09-18 00:00:00-04:00,3356.25,3374.0,3341.0,3353.60009765625,3353.60009765625,1072178
2020-09-21 00:00:00-04:00,3314.75,3326.5,3217.75,3275.0,3275.0,1256851
2020-09-22 00:00:00-04:00,3271.0,3309.5,3256.25,3299.25,3299.25,946638
2020-09-23 00:00:00-04:00,3304.0,3319.75,3220.75,3231.25,3231.25,1165489
2020-09-24 00:00:00-04:00,3227.75,3268.25,3198.0,3238.0,3238.0,1288513
2020-09-25 00:00:00-04:00,3243.5,3296.5,3206.25,3287.25,3287.25,1030582
2020-09-28 00:00:00-04:00,3291.25,3351.25,3288.0,3346.0,3346.0,809590
2020-09-29 00:00:00-04:00,3348.5,3363.0,3316.5,3333.75,3333.75,729692
2020-09-30 00:00:00-04:00,3330.0,3384.0,3291.25,3352.0,3352.0,1140694
2020-10-01 00:00:00-04:00,3344.75,3387.75,3343.75,3367.75,3367.75,937681
2020-10-02 00:00:00-04:00,3366.75,3374.75,3300.25,3339.25,3339.25,1259792
2020-10-05 00:00:00-04:00,3358.0,3400.0,3346.5,3393.0,3393.0,641071
2020-10-06 00:00:00-04:00,3392.25,3421.75,3330.75,3353.25,3353.25,1150090
2020-10-07 00:00:00-04:00,3338.0,3416.5,3331.75,3406.75,3406.75,895709
2020-10-08 00:00:00-04:00,3407.25,3447.75,3404.0,3437.5,3437.5,638300
2020-10-09 00:00:00-04:00,3447.0,3480.0,3445.5,3473.25,3473.25,571111
2020-10-12 00:00:00-04:00,3470.25,3541.25,3464.0,3532.75,3532.75,726172
2020-10-13 00:00:00-04:00,3533.75,3536.0,3491.25,3504.75,3504.75,894785
2020-10-14 00:00:00-04:00,3502.25,3524.0,3472.25,3481.0,3481.0,901013
2020-10-15 00:00:00-04:00,3479.5,3486.75,3431.5,3475.5,3475.5,897971
2020-10-16 00:00:00-04:00,3478.5,3508.5,3461.25,3462.25,3462.25,719766
2020-10-19 00:00:00-04:00,3470.75,3496.5,3410.75,3422.75,3422.75,1027486
2020-10-20 00:00:00-04:00,3435.75,3469.75,3418.0,3432.25,3432.25,1078100
2020-10-21 00:00:00-04:00,3435.25,3457.75,3420.75,3432.5,3432.5,1034105
2020-10-22 00:00:00-04:00,3430.5,3453.0,3402.25,3449.25,3449.25,856913
2020-10-23 00:00:00-04:00,3455.75,3463.5,3431.75,3451.75,3451.75,773247
2020-10-26 00:00:00-04:00,3446.0,3447.0,3356.0,3393.5,3393.5,1270433
2020-10-27 00:00:00-04:00,3394.5,3410.25,3368.0,3383.0,3383.0,940467
2020-10-28 00:00:00-04:00,3368.75,3370.75,3260.75,3263.5,3263.5,1529943
2020-10-29 00:00:00-04:00,3278.75,3333.75,3250.25,3302.25,3302.25,1357129
2020-10-30 00:00:00-04:00,3268.25,3296.25,3225.0,3264.75,3264.75,1733336
2020-11-02 00:00:00-05:00,3262.25,3323.5,3243.25,3300.5,3300.5,1313229
2020-11-03 00:00:00-05:00,3304.25,3382.75,3301.25,3361.5,3361.5,1055224
2020-11-04 00:00:00-05:00,3362.5,3480.0,3319.25,3435.0,3435.0,1504508
2020-11-05 00:00:00-05:00,3447.75,3522.5,3428.0,3504.75,3504.75,1113831
2020-11-06 00:00:00-05:00,3509.0,3519.0,3456.5,3500.75,3500.75,1103710
2020-11-09 00:00:00-05:00,3522.5,3668.75,3515.75,3544.0,3544.0,1805691
2020-11-10 00:00:00-05:00,3549.25,3562.75,3506.25,3541.0,3541.0,1651819
2020-11-11 00:00:00-05:00,3546.5,3576.75,3530.75,3568.0,3568.0,978070
2020-11-12 00:00:00-05:00,3574.5,3575.0,3513.0,3532.5,3532.5,1209448
2020-11-13 00:00:00-05:00,3538.0,3590.0,3518.25,3582.0,3582.0,827963
2020-11-16 00:00:00-05:00,3586.75,3636.75,3586.0,3623.0,3623.0,853041
2020-11-17 00:00:00-05:00,3626.0,3630.0,3584.0,3606.75,3606.75,923520
2020-11-18 00:00:00-05:00,3603.75,3623.25,3556.0,3565.0,3565.0,974851
2020-11-19 00:00:00-05:00,3561.75,3582.5,3542.0,3580.0,3580.0,891717
2020-11-20 00:00:00-05:00,3560.5,3582.5,3542.5,3554.25,3554.25,754973
2020-11-23 00:00:00-05:00,3546.25,3596.0,3545.0,3576.0,3576.0,755342
2020-11-24 00:00:00-05:00,3576.25,3640.0,3575.25,3632.75,3632.75,763423
2020-11-25 00:00:00-05:00,3635.75,3655.0,3615.25,3627.25,3627.25,703798
2020-11-27 00:00:00-05:00,3629.25,3642.75,3612.75,3636.5,3636.5,347834
2020-11-30 00:00:00-05:00,3644.0,3651.75,3592.25,3623.25,3623.25,993931
2020-12-01 00:00:00-05:00,3631.25,3677.5,3625.75,3660.5,3660.5,839881
2020-12-02 00:00:00-05:00,3661.0,3672.75,3642.25,3667.25,3667.25,678576
2020-12-03 00:00:00-05:00,3671.0,3682.0,3655.25,3664.5,3664.5,716871
2020-12-04 00:00:00-05:00,3668.0,3700.0,3665.5,3698.0,3698.0,567166
2020-12-07 00:00:00-05:00,3695.0,3705.0,3672.25,3690.75,3690.75,664937
2020-12-08 00:00:00-05:00,3682.25,3708.0,3664.0,3702.0,3702.0,672062
2020-12-09 00:00:00-05:00,3707.25,3715.0,3659.25,3672.5,3672.5,1143360
2020-12-10 00:00:00-05:00,3669.75,3681.25,3644.0,3668.5,3668.5,918121
2020-12-11 00:00:00-05:00,3668.75,3675.0,3628.0,3661.25,3661.25,296527
2020-12-14 00:00:00-05:00,3677.5,3698.5,3644.25,3646.5,3646.5,221323
2020-12-15 00:00:00-05:00,3652.25,3695.75,3642.75,3694.5,3694.5,115720
2020-12-16 00:00:00-05:00,3695.0,3711.5,3687.25,3700.75,3700.75,79520
2020-12-17 00:00:00-05:00,3703.25,3727.0,3699.5,3721.25,3721.25,62060
2020-12-18 00:00:00-05:00,3722.25,3748.25,3708.0,3726.25,3726.25,933634
2020-12-21 00:00:00-05:00,3718.0,3724.25,3596.0,3685.75,3685.75,1301639
2020-12-22 00:00:00-05:00,3684.75,3695.25,3663.75,3677.25,3677.25,869272
2020-12-23 00:00:00-05:00,3674.5,3701.5,3651.0,3681.5,3681.5,639737
2020-12-24 00:00:00-05:00,3684.0,3696.25,3679.0,3695.0,3695.0,197946
2020-12-28 00:00:00-05:00,3682.25,3732.25,3675.0,3727.5,3727.5,473807
2020-12-29 00:00:00-05:00,3730.0,3747.75,3714.5,3720.0,3720.0,650390
2020-12-30 00:00:00-05:00,3724.25,3738.25,3716.5,3724.25,3724.25,457574
2020-12-31 00:00:00-05:00,3725.0,3753.0,3715.0,3748.75,3748.75,400961
2021-01-04 00:00:00-05:00,3748.5,3773.25,3652.5,3692.25,3692.25,1290071
2021-01-05 00:00:00-05:00,3695.0,3729.75,3673.25,3718.25,3718.25,961746
2021-01-06 00:00:00-05:00,3716.75,3774.75,3685.5,3740.5,3740.5,1423087
2021-01-07 00:00:00-05:00,3751.5,3804.0,3742.0,3795.5,3795.5,760416
2021-01-08 00:00:00-05:00,3797.5,3824.25,3775.25,3817.5,3817.5,1035440
2021-01-11 00:00:00-05:00,3815.75,3820.75,3776.25,3792.0,3792.0,804542
2021-01-12 00:00:00-05:00,3793.75,3806.75,3767.75,3794.5,3794.5,848854
2021-01-13 00:00:00-05:00,3792.5,3813.5,3776.5,3803.75,3803.75,703893
2021-01-14 00:00:00-05:00,3807.5,3817.75,3786.25,3791.25,3791.25,709837
2021-01-15 00:00:00-05:00,3792.75,3797.75,3741.5,3762.25,3762.25,1067450
2021-01-19 00:00:00-05:00,3750.25,3797.0,3741.0,3790.5,3790.5,767205
2021-01-20 00:00:00-05:00,3795.75,3852.5,3788.75,3845.0,3845.0,626632
2021-01-21 00:00:00-05:00,3841.25,3859.75,3836.5,3846.0,3846.0,553426
2021-01-22 00:00:00-05:00,3846.5,3849.5,3813.5,3834.25,3834.25,630792
2021-01-25 00:00:00-05:00,3835.0,3853.5,3788.5,3848.5,3848.5,1191844
2021-01-26 00:00:00-05:00,3845.25,3862.5,3821.5,3842.5,3842.5,779412
2021-01-27 00:00:00-05:00,3845.5,3853.0,3706.25,3744.25,3744.25,1611192
2021-01-28 00:00:00-05:00,3735.0,3823.75,3703.25,3779.25,3779.25,1446451
2021-01-29 00:00:00-05:00,3769.5,3777.0,3685.5,3705.25,3705.25,1705079
2021-02-01 00:00:00-05:00,3692.75,3777.0,3657.0,3765.75,3765.75,1085502
2021-02-02 00:00:00-05:00,3764.5,3835.75,3759.75,3818.25,3818.25,923295
2021-02-03 00:00:00-05:00,3829.25,3843.5,3807.75,3823.5,3823.5,803413
2021-02-04 00:00:00-05:00,3833.0,3869.75,3811.5,3864.5,3864.5,683457
2021-02-05 00:00:00-05:00,3864.0,3888.5,3860.0,3880.25,3880.25,605142
2021-02-08 00:00:00-05:00,3888.25,3911.25,3885.5,3908.0,3908.0,523552
2021-02-09 00:00:00-05:00,3910.5,3913.5,3895.0,3905.5,3905.5,505173
2021-02-10 00:00:00-05:00,3912.0,3928.25,3878.5,3903.0,3903.0,1048702
2021-02-11 00:00:00-05:00,3906.75,3920.75,3884.5,3912.0,3912.0,845446
2021-02-12 00:00:00-05:00,3905.5,3936.25,3890.25,3931.0,3931.0,538150
2021-02-16 00:00:00-05:00,3936.25,3959.25,3918.75,3927.75,3927.75,846600
2021-02-17 00:00:00-05:00,3929.5,3932.5,3896.5,3928.0,3928.0,844376
2021-02-18 00:00:00-05:00,3928.0,3936.0,3880.5,3909.5,3909.5,891820
2021-02-19 00:00:00-05:00,3911.0,3931.25,3890.25,3903.0,3903.0,776526
2021-02-22 00:00:00-05:00,3905.0,3914.25,3861.25,3873.5,3873.5,867790
2021-02-23 00:00:00-05:00,3877.75,3895.75,3804.75,3878.0,3878.0,1448708
2021-02-24 00:00:00-05:00,3876.5,3927.75,3851.75,3922.5,3922.5,1166913
2021-02-25 00:00:00-05:00,3923.75,3934.5,3810.25,3828.0,3828.0,1784926
2021-02-26 00:00:00-05:00,3823.0,3858.75,3785.0,3809.25,3809.25,1906843
2021-03-01 00:00:00-05:00,3817.0,3912.0,3812.5,3898.75,3898.75,963058
2021-03-02 00:00:00-05:00,3903.0,3906.75,3865.75,3867.5,3867.5,1240740
2021-03-03 00:00:00-05:00,3867.75,3897.75,3813.0,3816.75,3816.75,1541944
2021-03-04 00:00:00-05:00,3817.75,3842.0,3720.5,3765.5,3765.5,2214003
2021-03-05 00:00:00-05:00,3765.0,3850.0,3728.5,3839.0,3839.0,2201668
2021-03-08 00:00:00-05:00,3854.5,3879.25,3796.25,3819.25,3819.25,1587819
2021-03-09 00:00:00-05:00,3831.5,3901.25,3826.25,3873.25,3873.25,943071
2021-03-10 00:00:00-05:00,3877.0,3916.25,3856.75,3896.5,3896.5,1131511
2021-03-11 00:00:00-05:00,3908.75,3958.5,3893.0,3936.75,3936.75,731693
2021-03-12 00:00:00-05:00,3937.25,3947.75,3910.0,3942.25,3942.25,350592
2021-03-15 00:00:00-04:00,3946.0,3969.75,3922.0,3967.5,3967.5,149588
2021-03-16 00:00:00-04:00,3966.25,3980.25,3952.75,3962.5,3962.5,118247
2021-03-17 00:00:00-04:00,3965.5,3983.75,3935.25,3974.0,3974.0,118706
2021-03-18 00:00:00-04:00,3971.75,3988.5,3907.5,3916.5,3916.5,93285
2021-03-19 00:00:00-04:00,3921.25,3934.5,3906.75,3912.6201171875,3912.6201171875,1073241
2021-03-22 00:00:00-04:00,3893.75,3944.5,3885.0,3930.0,3930.0,756434
2021-03-23 00:00:00-04:00,3933.0,3938.75,3890.5,3899.75,3899.75,1142576
2021-03-24 00:00:00-04:00,3905.5,3931.75,3877.5,3880.75,3880.75,1171625
2021-03-25 00:00:00-04:00,3883.0,3909.5,3843.25,3900.5,3900.5,1454050
2021-03-26 00:00:00-04:00,3907.75,3967.75,3900.75,3964.75,3964.75,1042676
2021-03-29 00:00:00-04:00,3961.5,3971.25,3929.0,3959.0,3959.0,1376697
2021-03-30 00:00:00-04:00,3964.25,3969.0,3933.75,3947.75,3947.75,1057421
2021-03-31 00:00:00-04:00,3949.5,3983.75,3941.5,3967.5,3967.5,764414
2021-04-01 00:00:00-04:00,3967.0,4015.25,3964.5,4010.0,4010.0,673486
2021-04-05 00:00:00-04:00,4028.5,4073.75,4021.0,4067.75,4067.75,589360
2021-04-06 00:00:00-04:00,4070.0,4076.0,4052.25,4064.0,4064.0,732333
2021-04-07 00:00:00-04:00,4067.0,4075.75,4056.5,4070.0,4070.0,669472
2021-04-08 00:00:00-04:00,4075.0,4098.5,4072.5,4089.0,4089.0,591195
2021-04-09 00:00:00-04:00,4098.0,4121.5,4081.0,4119.5,4119.5,626181
2021-04-12 00:00:00-04:00,4114.0,4124.25,4104.5,4120.25,4120.25,665456
2021-04-13 00:00:00-04:00,4122.5,4139.75,4101.25,4132.75,4132.75,646010
2021-04-14 00:00:00-04:00,4134.5,4143.75,4113.0,4118.0,4118.0,1026844
2021-04-15 00:00:00-04:00,4123.25,4166.75,4119.5,4162.5,4162.5,656640
2021-04-16 00:00:00-04:00,4162.5,4183.5,4154.25,4176.25,4176.25,694848
2021-04-19 00:00:00-04:00,4165.5,4174.75,4142.0,4155.5,4155.5,1024651
2021-04-20 00:00:00-04:00,4156.5,4167.5,4110.5,4126.5,4126.5,1144209
2021-04-21 00:00:00-04:00,4120.75,4167.25,4112.75,4164.75,4164.75,849638
2021-04-22 00:00:00-04:00,4157.75,4171.75,4115.25,4127.75,4127.75,1323732
2021-04-23 00:00:00-04:00,4129.75,4186.75,4127.5,4171.5,4171.5,756478
2021-04-26 00:00:00-04:00,4170.5,4186.0,4163.25,4179.5,4179.5,557351
2021-04-27 00:00:00-04:00,4181.5,4191.75,4166.75,4179.0,4179.0,572040
2021-04-28 00:00:00-04:00,4180.5,4194.0,4170.25,4176.25,4176.25,675029
2021-04-29 00:00:00-04:00,4185.0,4210.75,4168.0,4203.5,4203.5,959965
2021-04-30 00:00:00-04:00,4200.5,4201.25,4167.25,4174.5,4174.5,945134
2021-05-03 00:00:00-04:00,4181.25,4202.5,4181.0,4185.75,4185.75,656266
2021-05-04 00:00:00-04:00,4184.0,4185.75,4120.5,4158.25,4158.25,1198349
2021-05-05 00:00:00-04:00,4158.5,4180.0,4153.0,4160.0,4160.0,797762
2021-05-06 00:00:00-04:00,4159.0,4197.0,4140.5,4194.25,4194.25,1088435
2021-05-07 00:00:00-04:00,4196.5,4232.25,4191.75,4225.25,4225.25,788472
2021-05-10 00:00:00-04:00,4226.5,4238.0,4172.0,4183.5,4183.5,929364
2021-05-11 00:00:00-04:00,4177.0,4185.5,4103.75,4146.25,4146.25,1592809
2021-05-12 00:00:00-04:00,4140.25,4150.25,4051.0,4058.75,4058.75,1630334
2021-05-13 00:00:00-04:00,4053.75,4126.75,4029.25,4107.0,4107.0,1390197
2021-05-14 00:00:00-04:00,4112.25,4178.25,4104.75,4169.0,4169.0,741723
2021-05-17 00:00:00-04:00,4169.25,4178.75,4136.5,4157.75,4157.75,840517
2021-05-18 00:00:00-04:00,4159.5,4179.5,4111.75,4123.0,4123.0,754371
2021-05-19 00:00:00-04:00,4114.25,4123.0,4055.75,4111.5,4111.5,1331299
2021-05-20 00:00:00-04:00,4108.0,4169.0,4084.5,4154.25,4154.25,866585
2021-05-21 00:00:00-04:00,4152.75,4185.0,4147.0,4151.75,4151.75,905340
2021-05-24 00:00:00-04:00,4151.25,4206.25,4142.5,4193.75,4193.75,565613
2021-05-25 00:00:00-04:00,4199.5,4212.75,4179.25,4185.5,4185.5,750389
2021-05-26 00:00:00-04:00,4188.25,4204.5,4180.5,4193.0,4193.0,613012
2021-05-27 00:00:00-04:00,4193.25,4211.5,4177.75,4199.0,4199.0,631352
2021-05-28 00:00:00-04:00,4211.5,4217.75,4201.0,4202.5,4202.5,525234
2021-06-01 00:00:00-04:00,4206.5,4230.0,4189.75,4198.5,4198.5,807350
2021-06-02 00:00:00-04:00,4198.25,4215.0,4190.75,4206.25,4206.25,660607
2021-06-03 00:00:00-04:00,4207.5,4213.5,4165.0,4191.25,4191.25,872101
2021-06-04 00:00:00-04:00,4191.0,4232.0,4177.0,4228.25,4228.25,571086
2021-06-07 00:00:00-04:00,4232.0,4234.5,4214.0,4225.5,4225.5,598200
2021-06-08 00:00:00-04:00,4227.5,4236.75,4206.0,4225.75,4225.75,752116
2021-06-09 00:00:00-04:00,4225.75,4235.5,4217.0,4218.5,4218.5,561993
2021-06-10 00:00:00-04:00,4222.25,4249.0,4207.0,4238.0,4238.0,737328
2021-06-11 00:00:00-04:00,4240.0,4247.75,4230.75,4245.75,4245.75,147389
2021-06-14 00:00:00-04:00,4246.5,4257.5,4233.5,4254.75,4254.75,82896
2021-06-15 00:00:00-04:00,4255.25,4267.5,4238.0,4246.5,4246.5,61522
2021-06-16 00:00:00-04:00,4248.0,4251.25,4200.75,4223.0,4223.0,69818
2021-06-17 00:00:00-04:00,4214.25,4232.5,4192.75,4222.25,4222.25,74669
2021-06-18 00:00:00-04:00,4222.75,4231.5,4183.75,4187.25,4187.25,983593
2021-06-21 00:00:00-04:00,4142.5,4219.75,4126.5,4213.75,4213.75,724705
2021-06-22 00:00:00-04:00,4219.0,4245.25,4205.75,4236.25,4236.25,524090
2021-06-23 00:00:00-04:00,4237.75,4248.25,4230.5,4231.5,4231.5,431530
2021-06-24 00:00:00-04:00,4233.75,4263.25,4232.0,4256.0,4256.0,412380
2021-06-25 00:00:00-04:00,4262.25,4276.75,4253.5,4271.25,4271.25,388417
2021-06-28 00:00:00-04:00,4275.0,4282.0,4264.25,4280.5,4280.5,439455
2021-06-29 00:00:00-04:00,4281.25,4291.0,4271.5,4282.0,4282.0,448502
2021-06-30 00:00:00-04:00,4284.5,4294.0,4269.25,4288.5,4288.5,535229
2021-07-01 00:00:00-04:00,4293.75,4312.0,4286.0,4310.75,4310.75,498634
2021-07-02 00:00:00-04:00,4310.0,4347.0,4308.25,4342.75,4342.75,446891
2021-07-06 00:00:00-04:00,4340.25,4348.25,4305.5,4334.0,4334.0,735486
2021-07-07 00:00:00-04:00,4328.75,4353.0,4320.25,4349.75,4349.75,683795
2021-07-08 00:00:00-04:00,4352.75,4353.0,4279.25,4313.0,4313.0,1139550
2021-07-09 00:00:00-04:00,4310.75,4363.5,4293.0,4360.0,4360.0,579934
2021-07-12 00:00:00-04:00,4362.25,4378.75,4341.75,4376.5,4376.5,497451
2021-07-13 00:00:00-04:00,4376.75,4383.75,4356.5,4361.25,4361.25,660164
2021-07-14 00:00:00-04:00,4359.75,4384.5,4349.75,4367.75,4367.75,691858
2021-07-15 00:00:00-04:00,4367.0,4370.25,4332.25,4352.0,4352.0,772186
2021-07-16 00:00:00-04:00,4348.0,4368.0,4314.25,4318.5,4318.5,755256
2021-07-19 00:00:00-04:00,4320.25,4322.25,4224.0,4251.25,4251.25,1324064
2021-07-20 00:00:00-04:00,4263.0,4328.75,4252.75,4315.5,4315.5,900448
2021-07-21 00:00:00-04:00,4319.0,4355.25,4309.75,4350.5,4350.5,578208
2021-07-22 00:00:00-04:00,4355.25,4371.5,4341.5,4359.5,4359.5,500563
2021-07-23 00:00:00-04:00,4371.0,4407.75,4367.5,4403.0,4403.0,474398
2021-07-26 00:00:00-04:00,4400.25,4416.75,4375.5,4414.25,4414.25,507978
2021-07-27 00:00:00-04:00,4415.75,4416.0,4364.5,4394.5,4394.5,934515
2021-07-28 00:00:00-04:00,4379.75,4407.75,4375.75,4393.75,4393.75,697343
2021-07-29 00:00:00-04:00,4393.25,4422.75,4380.25,4411.75,4411.75,544719
2021-07-30 00:00:00-04:00,4394.75,4405.0,4370.5,4389.5,4389.5,747455
2021-08-02 00:00:00-04:00,4395.5,4419.75,4377.25,4379.75,4379.75,693668
2021-08-03 00:00:00-04:00,4384.25,4417.0,4365.25,4415.0,4415.0,756469
2021-08-04 00:00:00-04:00,4409.0,4415.25,4391.25,4394.75,4394.75,555035
2021-08-05 00:00:00-04:00,4396.75,4422.5,4393.75,4421.5,4421.5,392989
2021-08-06 00:00:00-04:00,4420.5,4433.25,4416.0,4429.5,4429.5,463755
2021-08-09 00:00:00-04:00,4428.25,4432.0,4412.25,4425.75,4425.75,421819
2021-08-10 00:00:00-04:00,4427.0,4438.25,4416.75,4430.0,4430.0,434681
2021-08-11 00:00:00-04:00,4429.0,4443.5,4420.5,4440.5,4440.5,448269
2021-08-12 00:00:00-04:00,4440.5,4456.25,4430.25,4454.5,4454.5,365690
2021-08-13 00:00:00-04:00,4456.0,4463.25,4451.0,4462.5,4462.5,352574
2021-08-16 00:00:00-04:00,4456.25,4476.5,4432.5,4474.0,4474.0,658401
2021-08-17 00:00:00-04:00,4471.0,4472.25,4412.0,4443.5,4443.5,1042708
2021-08-18 00:00:00-04:00,4437.0,4449.75,4381.75,4394.5,4394.5,936206
2021-08-19 00:00:00-04:00,4389.25,4414.75,4347.5,4401.5,4401.5,1248532
2021-08-20 00:00:00-04:00,4403.5,4440.5,4371.75,4437.0,4437.0,814722
2021-08-23 00:00:00-04:00,4435.25,4485.75,4433.5,4475.5,4475.5,496055
2021-08-24 00:00:00-04:00,4481.0,4492.0,4476.75,4482.5,4482.5,428828
2021-08-25 00:00:00-04:00,4483.75,4498.0,4476.25,4493.0,4493.0,400720
2021-08-26 00:00:00-04:00,4493.25,4494.5,4465.0,4466.5,4466.5,784883
2021-08-27 00:00:00-04:00,4469.75,4510.0,4462.0,4505.5,4505.5,540107
2021-08-30 00:00:00-04:00,4508.5,4534.5,4500.75,4525.25,4525.25,509281
2021-08-31 00:00:00-04:00,4529.5,4542.25,4512.75,4520.5,4520.5,775486
2021-09-01 00:00:00-04:00,4527.5,4540.0,4519.25,4521.25,4521.25,580462
2021-09-02 00:00:00-04:00,4522.5,4544.0,4516.0,4535.25,4535.25,588129
2021-09-03 00:00:00-04:00,4536.5,4550.0,4519.25,4534.5,4534.5,655159
2021-09-07 00:00:00-04:00,4533.25,4548.0,4510.75,4519.25,4519.25,763253
2021-09-08 00:00:00-04:00,4517.75,4524.75,4492.0,4512.5,4512.5,804048
2021-09-09 00:00:00-04:00,4511.25,4529.0,4485.5,4492.25,4492.25,794664
2021-09-10 00:00:00-04:00,4490.75,4518.25,4456.5,4458.25,4458.25,318006
2021-09-13 00:00:00-04:00,4461.25,4492.75,4444.25,4469.0,4469.0,238911
2021-09-14 00:00:00-04:00,4475.75,4489.0,4435.25,4444.5,4444.5,138861
2021-09-15 00:00:00-04:00,4447.0,4487.5,4437.5,4481.75,4481.75,124317
2021-09-16 00:00:00-04:00,4484.75,4487.75,4443.0,4474.25,4474.25,83475
2021-09-17 00:00:00-04:00,4471.75,4482.25,4459.0,4464.330078125,4464.330078125,946289
2021-09-20 00:00:00-04:00,4411.5,4421.75,4294.0,4421.75,4421.75,1230989
2021-09-21 00:00:00-04:00,4342.75,4395.5,4329.0,4343.25,4343.25,1188465
2021-09-22 00:00:00-04:00,4337.25,4406.25,4321.0,4384.0,4384.0,966992
2021-09-23 00:00:00-04:00,4385.75,4455.0,4385.25,4438.0,4438.0,726540
2021-09-24 00:00:00-04:00,4439.25,4453.0,4410.5,4445.75,4445.75,680375
2021-09-27 00:00:00-04:00,4446.25,4472.0,4425.0,4433.0,4433.0,679707
2021-09-28 00:00:00-04:00,4429.5,4442.0,4334.5,4343.5,4343.5,1332967
2021-09-29 00:00:00-04:00,4347.75,4378.75,4344.25,4349.75,4349.75,1089102
2021-09-30 00:00:00-04:00,4358.25,4388.5,4294.25,4297.75,4297.75,1228951
2021-10-01 00:00:00-04:00,4301.75,4365.75,4260.0,4343.75,4343.75,1334932
2021-10-04 00:00:00-04:00,4348.75,4362.0,4267.75,4291.25,4291.25,1333943
2021-10-05 00:00:00-04:00,4296.5,4359.75,4269.0,4334.0,4334.0,933723
2021-10-06 00:00:00-04:00,4334.25,4357.5,4273.75,4354.0,4354.0,1301755
2021-10-07 00:00:00-04:00,4355.25,4421.5,4354.5,4390.0,4390.0,782247
2021-10-08 00:00:00-04:00,4390.75,4407.75,4376.25,4382.25,4382.25,900680
2021-10-11 00:00:00-04:00,4381.25,4407.25,4343.75,4351.0,4351.0,894562
2021-10-12 00:00:00-04:00,4348.0,4365.25,4317.5,4340.75,4340.75,1049968
2021-10-13 00:00:00-04:00,4327.75,4364.75,4319.0,4355.0,4355.0,1040781
2021-10-14 00:00:00-04:00,4355.0,4437.5,4354.0,4429.0,4429.0,760726
2021-10-15 00:00:00-04:00,4435.0,4467.5,4426.25,4462.5,4462.5,641870
2021-10-18 00:00:00-04:00,4465.0,4480.0,4436.25,4477.5,4477.5,662443
2021-10-19 00:00:00-04:00,4475.5,4517.5,4471.75,4511.25,4511.25,580321
2021-10-20 00:00:00-04:00,4515.75,4532.25,4504.25,4528.0,4528.0,587442
2021-10-21 00:00:00-04:00,4524.75,4543.25,4510.0,4541.75,4541.75,548464
2021-10-22 00:00:00-04:00,4530.5,4551.5,4515.25,4536.5,4536.5,861002
2021-10-25 00:00:00-04:00,4528.75,4566.5,4522.5,4558.0,4558.0,577964
2021-10-26 00:00:00-04:00,4565.0,4590.0,4560.75,4565.25,4565.25,787246
2021-10-27 00:00:00-04:00,4563.75,4576.75,4543.75,4544.5,4544.5,787003
2021-10-28 00:00:00-04:00,4548.0,4589.75,4545.25,4587.5,4587.5,716851
2021-10-29 00:00:00-04:00,4578.0,4603.5,4559.25,4597.0,4597.0,722153
2021-11-01 00:00:00-04:00,4607.25,4619.5,4586.75,4605.75,4605.75,611204
2021-11-02 00:00:00-04:00,4606.0,4627.0,4593.25,4623.5,4623.5,535872
2021-11-03 00:00:00-04:00,4621.5,4657.75,4613.0,4652.25,4652.25,597358
2021-11-04 00:00:00-04:00,4652.0,4676.5,4650.75,4673.25,4673.25,675998
2021-11-05 00:00:00-04:00,4672.0,4711.75,4667.5,4690.25,4690.25,831363
2021-11-08 00:00:00-05:00,4679.0,4707.0,4676.5,4694.0,4694.0,729582
2021-11-09 00:00:00-05:00,4691.0,4700.5,4663.5,4678.25,4678.25,1003207
2021-11-10 00:00:00-05:00,4675.0,4680.25,4625.25,4642.0,4642.0,1208428
2021-11-11 00:00:00-05:00,4644.5,4661.5,4638.25,4643.0,4643.0,691707
2021-11-12 00:00:00-05:00,4647.0,4685.75,4644.0,4678.25,4678.25,686436
2021-11-15 00:00:00-05:00,4684.0,4697.5,4667.0,4679.0,4679.0,713816
2021-11-16 00:00:00-05:00,4681.0,4709.75,4670.75,4696.0,4696.0,598655
2021-11-17 00:00:00-05:00,4696.75,4701.0,4679.5,4686.25,4686.25,622015
2021-11-18 00:00:00-05:00,4685.5,4706.5,4668.0,4701.5,4701.5,752668
2021-11-19 00:00:00-05:00,4705.0,4723.5,4684.25,4694.5,4694.5,766197
2021-11-22 00:00:00-05:00,4700.25,4740.5,4674.25,4679.75,4679.75,883611
2021-11-23 00:00:00-05:00,4686.0,4695.5,4649.0,4688.5,4688.5,1400472
2021-11-24 00:00:00-05:00,4686.0,4702.25,4656.25,4699.0,4699.0,896185
2021-11-26 00:00:00-05:00,4699.75,4717.0,4577.25,4595.75,4595.75,1102593
2021-11-29 00:00:00-05:00,4588.75,4669.75,4588.5,4651.0,4651.0,1128333
2021-11-30 00:00:00-05:00,4657.25,4667.5,4556.75,4566.25,4566.25,1629825
2021-12-01 00:00:00-05:00,4588.0,4650.75,4497.75,4508.5,4508.5,1496701
2021-12-02 00:00:00-05:00,4514.5,4593.75,4505.5,4575.75,4575.75,1525201
2021-12-03 00:00:00-05:00,4586.25,4607.0,4492.25,4537.5,4537.5,1578737
2021-12-06 00:00:00-05:00,4542.5,4611.5,4531.25,4590.0,4590.0,1342201
2021-12-07 00:00:00-05:00,4594.25,4697.5,4587.5,4685.0,4685.0,858886
2021-12-08 00:00:00-05:00,4695.25,4712.0,4671.75,4699.0,4699.0,790599
2021-12-09 00:00:00-05:00,4697.25,4706.0,4662.5,4667.0,4667.0,752327
2021-12-10 00:00:00-05:00,4668.75,4712.75,4664.5,4711.0,4711.0,286270
2021-12-13 00:00:00-05:00,4712.25,4730.75,4664.5,4668.75,4668.75,209736
2021-12-14 00:00:00-05:00,4672.75,4686.25,4606.25,4637.0,4637.0,202195
2021-12-15 00:00:00-05:00,4637.0,4714.75,4611.25,4709.5,4709.5,133002
2021-12-16 00:00:00-05:00,4713.0,4752.25,4651.25,4668.75,4668.75,117450
2021-12-17 00:00:00-05:00,4675.0,4678.5,4630.0,4636.4599609375,4636.4599609375,1516623
2021-12-20 00:00:00-05:00,4612.5,4621.75,4520.0,4558.5,4558.5,1304109
2021-12-21 00:00:00-05:00,4569.5,4643.25,4565.75,4640.75,4640.75,1000074
2021-12-22 00:00:00-05:00,4642.0,4690.5,4622.5,4686.0,4686.0,680086
2021-12-23 00:00:00-05:00,4689.0,4731.5,4684.75,4715.75,4715.75,532053
2021-12-27 00:00:00-05:00,4716.75,4784.25,4713.25,4782.25,4782.25,536924
2021-12-28 00:00:00-05:00,4781.0,4798.0,4770.5,4778.5,4778.5,718564
2021-12-29 00:00:00-05:00,4780.5,4796.0,4769.25,4784.5,4784.5,597173
2021-12-30 00:00:00-05:00,4784.25,4799.75,4767.0,4772.25,4772.25,521171
2021-12-31 00:00:00-05:00,4773.25,4778.5,4750.75,4758.5,4758.5,604183
2022-01-03 00:00:00-05:00,4770.75,4791.25,4747.25,4786.0,4786.0,912826
2022-01-04 00:00:00-05:00,4785.5,4808.25,4764.5,4784.25,4784.25,818897
2022-01-05 00:00:00-05:00,4783.75,4788.5,4689.5,4692.5,4692.5,1144930
2022-01-06 00:00:00-05:00,4692.5,4715.75,4662.25,4687.5,4687.5,1149950
2022-01-07 00:00:00-05:00,4695.0,4706.0,4653.75,4667.75,4667.75,1091983
2022-01-10 00:00:00-05:00,4671.0,4681.5,4572.75,4662.25,4662.25,1543129
2022-01-11 00:00:00-05:00,4663.0,4707.5,4626.5,4705.0,4705.0,1151286
2022-01-12 00:00:00-05:00,4704.25,4739.5,4694.75,4716.25,4716.25,1110893
2022-01-13 00:00:00-05:00,4719.5,4736.25,4642.5,4652.0,4652.0,1209688
2022-01-14 00:00:00-05:00,4655.0,4667.0,4605.25,4654.75,4654.75,1447573
2022-01-18 00:00:00-05:00,4665.75,4672.0,4559.5,4571.25,4571.25,1691971
2022-01-19 00:00:00-05:00,4577.0,4603.0,4517.5,4524.25,4524.25,1479022
2022-01-20 00:00:00-05:00,4526.0,4594.25,4437.75,4474.75,4474.75,1481570
2022-01-21 00:00:00-05:00,4456.5,4486.75,4381.5,4390.0,4390.0,1986299
2022-01-24 00:00:00-05:00,4388.5,4427.25,4212.5,4403.75,4403.75,2512146
2022-01-25 00:00:00-05:00,4402.75,4406.75,4276.5,4349.0,4349.0,2015738
2022-01-26 00:00:00-05:00,4308.75,4446.75,4292.5,4341.5,4341.5,1807642
2022-01-27 00:00:00-05:00,4344.25,4421.5,4263.25,4317.75,4317.75,1888644
2022-01-28 00:00:00-05:00,4346.5,4425.75,4266.25,4423.25,4423.25,1738256
2022-01-31 00:00:00-05:00,4421.5,4507.75,4395.5,4504.25,4504.25,1030981
2022-02-01 00:00:00-05:00,4493.0,4554.75,4473.75,4535.0,4535.0,1258883
2022-02-02 00:00:00-05:00,4551.75,4586.0,4535.25,4577.25,4577.25,1155471
2022-02-03 00:00:00-05:00,4548.0,4548.75,4461.25,4469.0,4469.0,1265126
2022-02-04 00:00:00-05:00,4520.25,4532.5,4438.75,4492.5,4492.5,1457004
2022-02-07 00:00:00-05:00,4495.5,4514.5,4462.25,4475.75,4475.75,1157270
2022-02-08 00:00:00-05:00,4484.0,4524.0,4456.25,4512.5,4512.5,1055145
2022-02-09 00:00:00-05:00,4518.25,4585.0,4517.5,4577.75,4577.75,871714
2022-02-10 00:00:00-05:00,4583.0,4584.0,4476.0,4497.5,4497.5,1658972
2022-02-11 00:00:00-05:00,4494.5,4520.5,4393.25,4409.5,4409.5,1672333
2022-02-14 00:00:00-05:00,4412.0,4428.0,4354.25,4394.0,4394.0,1503146
2022-02-15 00:00:00-05:00,4396.0,4468.25,4381.75,4464.5,4464.5,1142485
2022-02-16 00:00:00-05:00,4461.0,4485.0,4422.25,4470.0,4470.0,947284
2022-02-17 00:00:00-05:00,4465.75,4475.0,4367.25,4374.5,4374.5,1171982
2022-02-18 00:00:00-05:00,4375.5,4411.5,4321.0,4343.5,4343.5,1365273
2022-02-22 00:00:00-05:00,4326.25,4391.25,4249.75,4300.0,4300.0,1972051
2022-02-23 00:00:00-05:00,4310.5,4345.75,4212.25,4222.0,4222.0,1387721
2022-02-24 00:00:00-05:00,4216.25,4290.25,4101.25,4284.0,4284.0,2201127
2022-02-25 00:00:00-05:00,4267.0,4384.0,4227.75,4380.0,4380.0,1344715
2022-02-28 00:00:00-05:00,4343.25,4385.5,4256.25,4368.0,4368.0,1855844
2022-03-01 00:00:00-05:00,4368.5,4398.5,4275.0,4303.75,4303.75,1690747
2022-03-02 00:00:00-05:00,4308.5,4400.0,4278.25,4381.75,4381.75,1377005
2022-03-03 00:00:00-05:00,4374.0,4418.75,4341.0,4359.25,4359.25,1526433
2022-03-04 00:00:00-05:00,4366.5,4374.25,4281.5,4327.25,4327.25,1726895
2022-03-07 00:00:00-05:00,4311.0,4326.25,4185.25,4198.5,4198.5,1693738
2022-03-08 00:00:00-05:00,4186.75,4275.0,4138.75,4168.75,4168.75,1948323
2022-03-09 00:00:00-05:00,4154.75,4298.25,4150.0,4275.25,4275.25,1237208
2022-03-10 00:00:00-05:00,4279.25,4282.0,4206.25,4257.25,4257.25,1099631
2022-03-11 00:00:00-05:00,4257.5,4335.75,4197.5,4201.5,4201.5,555067
2022-03-14 00:00:00-04:00,4212.25,4253.75,4160.5,4172.0,4172.0,436064
2022-03-15 00:00:00-04:00,4180.25,4271.5,4137.75,4262.0,4262.0,271282
2022-03-16 00:00:00-04:00,4256.0,4375.75,4247.25,4358.0,4358.0,198962
2022-03-17 00:00:00-04:00,4370.0,4415.25,4329.0,4410.25,4410.25,118232
2022-03-18 00:00:00-04:00,4389.5,4409.35009765625,4373.25,4409.35009765625,4409.35009765625,919620
2022-03-21 00:00:00-04:00,4460.25,4473.0,4415.0,4452.25,4452.25,1151313
2022-03-22 00:00:00-04:00,4457.0,4514.75,4433.0,4505.0,4505.0,923712
2022-03-23 00:00:00-04:00,4505.5,4514.0,4444.75,4447.5,4447.5,1020982
2022-03-24 00:00:00-04:00,4449.0,4517.25,4445.75,4512.5,4512.5,958134
2022-03-25 00:00:00-04:00,4516.0,4539.25,4493.5,4536.5,4536.5,1082889
2022-03-28 00:00:00-04:00,4535.25,4572.25,4509.5,4568.0,4568.0,951907
2022-03-29 00:00:00-04:00,4570.25,4631.0,4565.25,4625.5,4625.5,1120929
2022-03-30 00:00:00-04:00,4621.5,4627.75,4574.75,4596.0,4596.0,897679
2022-03-31 00:00:00-04:00,4599.75,4614.25,4526.25,4530.75,4530.75,1037274
2022-04-01 00:00:00-04:00,4542.0,4555.25,4501.25,4539.25,4539.25,1003041
2022-04-04 00:00:00-04:00,4538.0,4579.75,4527.75,4577.75,4577.75,748079
2022-04-05 00:00:00-04:00,4576.0,4588.5,4507.5,4520.25,4520.25,1046466
2022-04-06 00:00:00-04:00,4526.5,4528.25,4444.5,4475.75,4475.75,1367969
2022-04-07 00:00:00-04:00,4471.5,4516.5,4444.5,4496.25,4496.25,1198572
2022-04-08 00:00:00-04:00,4495.0,4519.75,4468.75,4483.5,4483.5,1047945
2022-04-11 00:00:00-04:00,4487.25,4491.25,4403.5,4409.0,4409.0,1000853
2022-04-12 00:00:00-04:00,4410.5,4466.75,4375.5,4393.0,4393.0,1224971
2022-04-13 00:00:00-04:00,4397.0,4449.5,4384.0,4442.25,4442.25,983278
2022-04-14 00:00:00-04:00,4438.75,4455.75,4384.75,4387.5,4387.5,901574
2022-04-18 00:00:00-04:00,4391.5,4406.25,4355.5,4386.75,4386.75,874146
2022-04-19 00:00:00-04:00,4399.25,4467.5,4371.5,4459.25,4459.25,1031517
2022-04-20 00:00:00-04:00,4441.25,4484.25,4432.75,4455.5,4455.5,1154508
2022-04-21 00:00:00-04:00,4468.75,4509.0,4380.0,4390.5,4390.5,1278120
2022-04-22 00:00:00-04:00,4386.0,4393.25,4247.75,4267.25,4267.25,1400874
2022-04-25 00:00:00-04:00,4258.25,4296.5,4195.25,4292.75,4292.75,1633347
2022-04-26 00:00:00-04:00,4293.5,4303.75,4136.5,4170.5,4170.5,1416096
2022-04-27 00:00:00-04:00,4147.25,4236.25,4147.25,4180.25,4180.25,1706391
2022-04-28 00:00:00-04:00,4213.5,4303.5,4182.5,4283.5,4283.5,1289327
2022-04-29 00:00:00-04:00,4247.0,4279.75,4118.75,4127.5,4127.5,1224997
2022-05-02 00:00:00-04:00,4143.75,4165.75,4056.0,4151.0,4151.0,1664489
2022-05-03 00:00:00-04:00,4146.25,4195.5,4128.0,4169.25,4169.25,1206625
2022-05-04 00:00:00-04:00,4171.75,4303.0,4142.75,4295.25,4295.25,1059342
2022-05-05 00:00:00-04:00,4289.25,4300.75,4099.25,4143.25,4143.25,2042545
2022-05-06 00:00:00-04:00,4149.75,4153.25,4062.0,4119.5,4119.5,2049886
2022-05-09 00:00:00-04:00,4087.5,4098.75,3970.25,3987.5,3987.5,1624396
2022-05-10 00:00:00-04:00,3993.25,4065.5,3952.5,3996.75,3996.75,1991503
2022-05-11 00:00:00-04:00,3991.0,4050.5,3923.75,3930.25,3930.25,1865448
2022-05-12 00:00:00-04:00,3941.75,3961.75,3855.0,3927.25,3927.25,2033429
2022-05-13 00:00:00-04:00,3914.0,4036.0,3914.0,4019.75,4019.75,1274359
2022-05-16 00:00:00-04:00,4025.5,4043.5,3979.25,4004.75,4004.75,1388950
2022-05-17 00:00:00-04:00,4001.0,4091.75,4000.25,4084.75,4084.75,1168820
2022-05-18 00:00:00-04:00,4090.5,4095.0,3905.5,3922.75,3922.75,1383368
2022-05-19 00:00:00-04:00,3916.0,3943.75,3856.0,3897.75,3897.75,1789892
2022-05-20 00:00:00-04:00,3900.0,3949.5,3807.5,3899.5,3899.5,1747752
2022-05-23 00:00:00-04:00,3909.5,3982.5,3906.25,3971.75,3971.75,1501451
2022-05-24 00:00:00-04:00,3958.0,3958.5,3871.75,3940.5,3940.5,1563658
2022-05-25 00:00:00-04:00,3949.5,3997.75,3913.5,3976.75,3976.75,1467047
2022-05-26 00:00:00-04:00,3970.25,4073.25,3960.5,4055.75,4055.75,1083427
2022-05-27 00:00:00-04:00,4049.0,4168.25,4041.5,4155.75,4155.75,1076808
2022-05-31 00:00:00-04:00,4164.75,4202.25,4102.75,4131.25,4131.25,1831661
2022-06-01 00:00:00-04:00,4137.75,4165.0,4071.5,4099.0,4099.0,1479184
2022-06-02 00:00:00-04:00,4098.5,4179.0,4072.0,4175.25,4175.25,1328925
2022-06-03 00:00:00-04:00,4177.5,4189.0,4096.75,4107.0,4107.0,1402510
2022-06-06 00:00:00-04:00,4110.25,4168.25,4104.25,4120.5,4120.5,1246879
2022-06-07 00:00:00-04:00,4121.25,4164.25,4075.75,4158.75,4158.75,1129287
2022-06-08 00:00:00-04:00,4151.5,4159.75,4105.0,4114.0,4114.0,1131305
2022-06-09 00:00:00-04:00,4118.25,4144.0,4014.75,4016.25,4016.25,1474935
2022-06-10 00:00:00-04:00,4024.25,4029.25,3895.0,3899.0,3899.0,875521
2022-06-13 00:00:00-04:00,3881.25,3881.25,3732.5,3750.5,3750.5,668026
2022-06-14 00:00:00-04:00,3757.75,3805.0,3705.25,3736.75,3736.75,420383
2022-06-15 00:00:00-04:00,3738.5,3838.75,3720.0,3789.25,3789.25,290291
2022-06-16 00:00:00-04:00,3794.0,3828.75,3638.75,3668.25,3668.25,229494
2022-06-17 00:00:00-04:00,3678.0,3710.5,3663.760009765625,3663.760009765625,3663.760009765625,1379654
2022-06-21 00:00:00-04:00,3683.75,3783.75,3662.0,3767.75,3767.75,1269326
2022-06-22 00:00:00-04:00,3769.0,3805.5,3693.25,3762.75,3762.75,1381033
2022-06-23 00:00:00-04:00,3762.0,3806.0,3735.0,3799.75,3799.75,1190341
2022-06-24 00:00:00-04:00,3785.0,3919.5,3781.25,3916.25,3916.25,824387
2022-06-27 00:00:00-04:00,3915.5,3948.0,3892.5,3903.75,3903.75,1091308
2022-06-28 00:00:00-04:00,3910.25,3950.75,3821.5,3825.5,3825.5,1170004
2022-06-29 00:00:00-04:00,3828.0,3840.75,3801.25,3821.25,3821.25,1242552
2022-06-30 00:00:00-04:00,3823.25,3824.25,3741.0,3789.5,3789.5,1575573
2022-07-01 00:00:00-04:00,3781.5,3833.25,3744.5,3827.25,3827.25,1324196
2022-07-05 00:00:00-04:00,3828.25,3857.25,3743.75,3834.0,3834.0,1464455
2022-07-06 00:00:00-04:00,3837.5,3875.0,3808.75,3848.25,3848.25,1290253
2022-07-07 00:00:00-04:00,3854.75,3914.25,3832.5,3905.0,3905.0,884871
2022-07-08 00:00:00-04:00,3896.0,3922.0,3868.0,3901.25,3901.25,1030695
2022-07-11 00:00:00-04:00,3900.25,3901.0,3849.75,3856.75,3856.75,1059811
2022-07-12 00:00:00-04:00,3862.0,3876.5,3804.5,3823.75,3823.75,1165892
2022-07-13 00:00:00-04:00,3824.0,3869.25,3752.0,3804.5,3804.5,1553023
2022-07-14 00:00:00-04:00,3796.25,3806.0,3723.75,3793.25,3793.25,1392750
2022-07-15 00:00:00-04:00,3796.0,3868.5,3780.5,3865.0,3865.0,1011922
2022-07-18 00:00:00-04:00,3878.5,3909.5,3820.0,3833.75,3833.75,1149703
2022-07-19 00:00:00-04:00,3839.25,3948.0,3834.25,3937.5,3937.5,1223667
2022-07-20 00:00:00-04:00,3946.75,3977.5,3922.5,3962.5,3962.5,1403855
2022-07-21 00:00:00-04:00,3954.0,4004.75,3930.25,4001.25,4001.25,1513023
2022-07-22 00:00:00-04:00,3989.25,4016.25,3941.5,3965.0,3965.0,1524669
2022-07-25 00:00:00-04:00,3967.25,3988.75,3946.25,3970.0,3970.0,1228338
2022-07-26 00:00:00-04:00,3959.25,3964.5,3913.25,3923.25,3923.25,1198470
2022-07-27 00:00:00-04:00,3939.75,4042.75,3939.25,4024.5,4024.5,1156622
2022-07-28 00:00:00-04:00,4021.0,4111.0,3994.5,4073.5,4073.5,1418436
2022-07-29 00:00:00-04:00,4105.0,4144.0,4081.0,4133.5,4133.5,1291377
2022-08-01 00:00:00-04:00,4136.25,4147.25,4097.0,4120.5,4120.5,1485641
2022-08-02 00:00:00-04:00,4120.0,4142.75,4080.5,4093.75,4093.75,1340247
2022-08-03 00:00:00-04:00,4097.75,4170.0,4084.25,4156.25,4156.25,1221384
2022-08-04 00:00:00-04:00,4151.5,4173.25,4136.0,4152.25,4152.25,1079448
2022-08-05 00:00:00-04:00,4152.0,4166.25,4103.5,4146.75,4146.75,1225771
2022-08-08 00:00:00-04:00,4149.0,4188.0,4129.5,4141.75,4141.75,1234063
2022-08-09 00:00:00-04:00,4149.5,4155.5,4113.0,4124.5,4124.5,1005644
2022-08-10 00:00:00-04:00,4129.0,4213.75,4113.75,4210.0,4210.0,1156072
2022-08-11 00:00:00-04:00,4211.0,4260.5,4202.75,4209.75,4209.75,1252298
2022-08-12 00:00:00-04:00,4219.0,4282.75,4208.25,4281.0,4281.0,842496
2022-08-15 00:00:00-04:00,4277.0,4304.5,4249.0,4298.25,4298.25,830801
2022-08-16 00:00:00-04:00,4294.75,4327.5,4278.75,4307.75,4307.75,1065379
2022-08-17 00:00:00-04:00,4308.75,4315.0,4255.0,4276.75,4276.75,1157054
2022-08-18 00:00:00-04:00,4279.5,4295.5,4258.25,4286.5,4286.5,927144
2022-08-19 00:00:00-04:00,4287.5,4288.25,4220.75,4231.5,4231.5,1074101
2022-08-22 00:00:00-04:00,4221.25,4222.5,4131.5,4141.25,4141.25,993636
2022-08-23 00:00:00-04:00,4146.75,4162.0,4118.0,4130.5,4130.5,1097866
2022-08-24 00:00:00-04:00,4129.0,4158.5,4110.5,4142.75,4142.75,886146
2022-08-25 00:00:00-04:00,4149.25,4202.75,4143.0,4201.0,4201.0,954051
2022-08-26 00:00:00-04:00,4196.75,4217.0,4043.0,4059.5,4059.5,1292734
2022-08-29 00:00:00-04:00,4024.5,4064.0,4006.25,4031.25,4031.25,1266462
2022-08-30 00:00:00-04:00,4035.75,4072.75,3964.5,3987.5,3987.5,1399280
2022-08-31 00:00:00-04:00,3987.75,4018.5,3953.0,3956.5,3956.5,1342949
2022-09-01 00:00:00-04:00,3958.25,3971.25,3903.25,3968.75,3968.75,1360135
2022-09-02 00:00:00-04:00,3968.0,4019.25,3906.0,3924.5,3924.5,1498278
2022-09-06 00:00:00-04:00,3929.25,3962.5,3886.5,3910.5,3910.5,1520018
2022-09-07 00:00:00-04:00,3908.5,3988.75,3883.5,3980.0,3980.0,1196763
2022-09-08 00:00:00-04:00,3979.25,4011.5,3942.5,4005.5,4005.5,1549342
2022-09-09 00:00:00-04:00,4010.25,4077.0,4005.75,4067.25,4067.25,685778
2022-09-12 00:00:00-04:00,4076.25,4119.5,4062.25,4110.75,4110.75,469325
2022-09-13 00:00:00-04:00,4118.5,4162.0,3919.75,3931.25,3931.25,408701
2022-09-14 00:00:00-04:00,3939.0,3962.75,3911.25,3947.5,3947.5,279796
2022-09-15 00:00:00-04:00,3955.5,3959.75,3887.5,3902.0,3902.0,232882
2022-09-16 00:00:00-04:00,3890.0,3890.0,3845.75,3871.239990234375,3871.239990234375,1698060
2022-09-19 00:00:00-04:00,3892.0,3927.0,3845.75,3917.25,3917.25,1589529
2022-09-20 00:00:00-04:00,3923.0,3936.25,3843.25,3872.75,3872.75,1760205
2022-09-21 00:00:00-04:00,3878.75,3925.0,3791.75,3806.25,3806.25,1603255
2022-09-22 00:00:00-04:00,3794.25,3833.0,3763.25,3772.0,3772.0,1715831
2022-09-23 00:00:00-04:00,3776.5,3783.75,3660.25,3709.0,3709.0,1679789
2022-09-26 00:00:00-04:00,3704.75,3730.5,3657.5,3670.0,3670.0,2106309
2022-09-27 00:00:00-04:00,3667.75,3732.25,3635.25,3661.0,3661.0,2078536
2022-09-28 00:00:00-04:00,3666.75,3751.25,3613.5,3732.0,3732.0,1834646
2022-09-29 00:00:00-04:00,3730.5,3736.25,3622.25,3654.25,3654.25,1771818
2022-09-30 00:00:00-04:00,3656.75,3693.5,3595.5,3601.5,3601.5,1779266
2022-10-03 00:00:00-04:00,3595.5,3711.5,3571.0,3690.25,3690.25,1436684
2022-10-04 00:00:00-04:00,3695.0,3809.0,3686.25,3803.25,3803.25,1479065
2022-10-05 00:00:00-04:00,3801.5,3820.0,3734.25,3794.0,3794.0,1274191
2022-10-06 00:00:00-04:00,3795.5,3819.5,3749.75,3756.75,3756.75,1524068
2022-10-07 00:00:00-04:00,3745.5,3776.0,3632.25,3653.25,3653.25,1363836
2022-10-10 00:00:00-04:00,3638.75,3667.75,3598.75,3625.25,3625.25,1440236
2022-10-11 00:00:00-04:00,3625.25,3653.25,3579.0,3599.25,3599.25,1625444
2022-10-12 00:00:00-04:00,3607.75,3635.5,3585.25,3588.5,3588.5,1471904
2022-10-13 00:00:00-04:00,3595.0,3697.75,3502.0,3681.75,3681.75,1924222
2022-10-14 00:00:00-04:00,3680.25,3734.0,3591.25,3597.5,3597.5,1820032
2022-10-17 00:00:00-04:00,3591.25,3702.5,3588.5,3689.25,3689.25,1353247
2022-10-18 00:00:00-04:00,3702.25,3777.25,3697.25,3732.75,3732.75,2002737
2022-10-19 00:00:00-04:00,3759.25,3774.25,3677.0,3707.25,3707.25,1625084
2022-10-20 00:00:00-04:00,3708.25,3747.75,3665.75,3675.25,3675.25,1806578
2022-10-21 00:00:00-04:00,3676.5,3774.5,3641.25,3764.0,3764.0,1919929
2022-10-24 00:00:00-04:00,3771.0,3822.0,3736.75,3809.25,3809.25,1622370
2022-10-25 00:00:00-04:00,3803.75,3874.25,3790.0,3870.25,3870.25,1477922
2022-10-26 00:00:00-04:00,3843.25,3897.5,3824.0,3841.0,3841.0,1681031
2022-10-27 00:00:00-04:00,3845.0,3870.75,3757.25,3819.5,3819.5,1759601
2022-10-28 00:00:00-04:00,3796.0,3924.25,3776.75,3911.25,3911.25,1335826
2022-10-31 00:00:00-04:00,3911.75,3914.75,3872.5,3883.0,3883.0,1310909
2022-11-01 00:00:00-04:00,3883.0,3927.75,3852.5,3866.0,3866.0,1461393
2022-11-02 00:00:00-04:00,3862.0,3907.25,3760.25,3768.75,3768.75,1413500
2022-11-03 00:00:00-04:00,3767.25,3782.5,3704.25,3727.75,3727.75,1556532
2022-11-04 00:00:00-04:00,3725.0,3805.75,3709.75,3779.5,3779.5,2054562
2022-11-07 00:00:00-05:00,3755.25,3821.75,3738.25,3815.25,3815.25,1252534
2022-11-08 00:00:00-05:00,3812.75,3867.0,3792.75,3835.25,3835.25,1425892
2022-11-09 00:00:00-05:00,3830.25,3848.75,3750.0,3755.5,3755.5,1545006
2022-11-10 00:00:00-05:00,3756.5,3973.5,3750.0,3961.0,3961.0,1695239
2022-11-11 00:00:00-05:00,3972.75,4009.75,3948.0,4000.25,4000.25,1470248
2022-11-14 00:00:00-05:00,3984.75,4017.5,3964.25,3966.0,3966.0,1145138
2022-11-15 00:00:00-05:00,3975.0,4051.0,3960.0,3999.5,3999.5,1872579
2022-11-16 00:00:00-05:00,3994.25,4016.0,3962.0,3968.5,3968.5,1136638
2022-11-17 00:00:00-05:00,3977.5,3990.5,3912.5,3955.25,3955.25,1148349
2022-11-18 00:00:00-05:00,3961.0,3995.0,3942.5,3974.0,3974.0,1305174
2022-11-21 00:00:00-05:00,3972.25,3982.0,3939.75,3958.0,3958.0,982652
2022-11-22 00:00:00-05:00,3958.5,4013.0,3945.25,4010.25,4010.25,885864
2022-11-23 00:00:00-05:00,4010.0,4039.5,4001.5,4033.0,4033.0,919169
2022-11-25 00:00:00-05:00,4038.75,4049.25,4024.75,4032.5,4032.5,353379
2022-11-28 00:00:00-05:00,4021.25,4023.5,3960.25,3970.25,3970.25,985460
2022-11-29 00:00:00-05:00,3972.0,3990.75,3941.5,3962.0,3962.0,1171139
2022-11-30 00:00:00-05:00,3962.0,4093.5,3942.75,4081.25,4081.25,1339151
2022-12-01 00:00:00-05:00,4093.5,4110.0,4054.25,4081.75,4081.75,1256318
2022-12-02 00:00:00-05:00,4077.5,4085.75,4006.75,4075.5,4075.5,1283141
2022-12-05 00:00:00-05:00,4073.0,4075.5,3987.5,4003.25,4003.25,1087179
2022-12-06 00:00:00-05:00,4006.25,4014.75,3921.5,3945.0,3945.0,1302364
2022-12-07 00:00:00-05:00,3944.0,3961.5,3914.0,3936.75,3936.75,1313675
2022-12-08 00:00:00-05:00,3935.0,3977.25,3916.0,3965.75,3965.75,1326162
2022-12-09 00:00:00-05:00,3964.5,3990.0,3925.0,3936.25,3936.25,890679
2022-12-12 00:00:00-05:00,3933.0,3994.75,3924.5,3991.75,3991.75,340054
2022-12-13 00:00:00-05:00,3987.5,4148.0,3985.0,4022.25,4022.25,466356
2022-12-14 00:00:00-05:00,4020.0,4062.0,3965.25,3998.0,3998.0,240964
2022-12-15 00:00:00-05:00,4006.25,4010.25,3878.5,3897.0,3897.0,205066
2022-12-16 00:00:00-05:00,3890.0,3904.75,3842.0,3871.469970703125,3871.469970703125,1276282
2022-12-19 00:00:00-05:00,3873.5,3899.0,3827.25,3845.5,3845.5,1217275
2022-12-20 00:00:00-05:00,3843.5,3866.5,3803.5,3849.25,3849.25,1372355
2022-12-21 00:00:00-05:00,3855.25,3918.75,3855.25,3905.75,3905.75,1251789
2022-12-22 00:00:00-05:00,3914.0,3919.75,3788.25,3849.25,3849.25,1238805
2022-12-23 00:00:00-05:00,3849.75,3872.5,3821.25,3869.75,3869.75,1064229
2022-12-27 00:00:00-05:00,3878.0,3900.75,3837.25,3855.0,3855.0,854326
2022-12-28 00:00:00-05:00,3857.25,3875.0,3804.5,3807.5,3807.5,1014540
2022-12-29 00:00:00-05:00,3810.5,3882.75,3806.25,3871.75,3871.75,763578
2022-12-30 00:00:00-05:00,3869.75,3870.75,3821.5,3861.0,3861.0,937282
2023-01-03 00:00:00-05:00,3885.75,3907.25,3814.25,3846.0,3846.0,1314699
2023-01-04 00:00:00-05:00,3844.0,3896.5,3836.5,3874.5,3874.5,1386997
2023-01-05 00:00:00-05:00,3871.0,3885.5,3822.25,3829.0,3829.0,1298712
2023-01-06 00:00:00-05:00,3833.25,3928.75,3802.0,3915.5,3915.5,1469517
2023-01-09 00:00:00-05:00,3917.25,3973.25,3909.75,3913.75,3913.75,1253733
2023-01-10 00:00:00-05:00,3913.25,3943.75,3891.5,3940.75,3940.75,1314683
2023-01-11 00:00:00-05:00,3941.25,3992.25,3934.5,3990.0,3990.0,1023441
2023-01-12 00:00:00-05:00,3992.0,4021.75,3953.75,4003.5,4003.5,1680724
2023-01-13 00:00:00-05:00,4003.0,4024.25,3961.5,4018.25,4018.25,1051309
2023-01-17 00:00:00-05:00,4019.5,4035.25,3996.75,4009.5,4009.5,1238268
2023-01-18 00:00:00-05:00,4008.75,4033.75,3943.75,3945.75,3945.75,1444193
2023-01-19 00:00:00-05:00,3945.75,3948.75,3901.75,3915.5,3915.5,1490087
2023-01-20 00:00:00-05:00,3924.25,3990.25,3911.75,3988.5,3988.5,1203293
2023-01-23 00:00:00-05:00,3987.25,4056.5,3980.25,4036.5,4036.5,1210789
2023-01-24 00:00:00-05:00,4035.75,4047.25,4005.25,4032.75,4032.75,1258632
2023-01-25 00:00:00-05:00,4039.0,4040.0,3963.25,4032.0,4032.0,1448351
2023-01-26 00:00:00-05:00,4030.5,4077.0,4027.5,4075.5,4075.5,1360344
2023-01-27 00:00:00-05:00,4066.25,4109.25,4055.0,4084.25,4084.25,1226201
2023-01-30 00:00:00-05:00,4077.75,4085.75,4029.5,4032.5,4032.5,1461206
2023-01-31 00:00:00-05:00,4038.25,4091.25,4007.5,4090.0,4090.0,1194127
2023-02-01 00:00:00-05:00,4085.25,4163.25,4048.5,4132.25,4132.25,1378527
2023-02-02 00:00:00-05:00,4145.0,4208.5,4136.75,4191.5,4191.5,1553276
2023-02-03 00:00:00-05:00,4175.25,4194.0,4132.5,4147.75,4147.75,1552686
2023-02-06 00:00:00-05:00,4135.5,4143.0,4104.0,4123.5,4123.5,1114776
2023-02-07 00:00:00-05:00,4123.25,4188.0,4098.25,4175.75,4175.75,1433457
2023-02-08 00:00:00-05:00,4166.75,4179.5,4121.25,4130.5,4130.5,1078550
2023-02-09 00:00:00-05:00,4132.25,4170.5,4078.5,4091.75,4091.75,1195398
2023-02-10 00:00:00-05:00,4097.75,4104.25,4060.5,4099.75,4099.75,1150173
2023-02-13 00:00:00-05:00,4105.0,4150.75,4078.75,4147.25,4147.25,778496
2023-02-14 00:00:00-05:00,4149.0,4186.5,4103.75,4145.5,4145.5,1553479
2023-02-15 00:00:00-05:00,4141.75,4161.75,4113.0,4158.25,4158.25,1103282
2023-02-16 00:00:00-05:00,4159.0,4168.75,4094.75,4099.75,4099.75,1210689
2023-02-17 00:00:00-05:00,4094.75,4096.5,4055.5,4087.5,4087.5,1214617
2023-02-21 00:00:00-05:00,4083.25,4089.5,4002.25,4005.75,4005.75,1134998
2023-02-22 00:00:00-05:00,4007.5,4026.5,3983.5,3999.0,3999.0,1227850
2023-02-23 00:00:00-05:00,4009.0,4034.5,3974.25,4018.75,4018.75,1161651
2023-02-24 00:00:00-05:00,4016.5,4023.25,3947.25,3975.75,3975.75,1164020
2023-02-27 00:00:00-05:00,3975.75,4024.5,3973.0,3988.0,3988.0,1087848
2023-02-28 00:00:00-05:00,3992.0,4004.0,3965.0,3975.5,3975.5,1063486
2023-03-01 00:00:00-05:00,3969.5,3991.0,3943.0,3956.5,3956.5,1264094
2023-03-02 00:00:00-05:00,3960.75,3995.25,3924.5,3984.75,3984.75,1232501
2023-03-03 00:00:00-05:00,3983.5,4053.75,3974.0,4049.75,4049.75,993285
2023-03-06 00:00:00-05:00,4049.5,4082.5,4041.75,4052.5,4052.5,993029
2023-03-07 00:00:00-05:00,4052.25,4064.5,3982.5,3989.75,3989.75,1142485
2023-03-08 00:00:00-05:00,3989.75,4003.5,3970.75,3995.0,3995.0,1115449
2023-03-09 00:00:00-05:00,3997.75,4019.75,3909.25,3920.0,3920.0,1501340
2023-03-10 00:00:00-05:00,3919.5,3942.0,3846.25,3862.75,3862.75,1958961
2023-03-13 00:00:00-04:00,3885.0,3938.5,3808.75,3856.75,3856.75,1020831
2023-03-14 00:00:00-04:00,3865.75,3938.25,3855.0,3920.5,3920.5,303023
2023-03-15 00:00:00-04:00,3920.0,3931.25,3833.5,3892.75,3892.75,299348
2023-03-16 00:00:00-04:00,3892.75,3966.5,3863.0,3960.5,3960.5,161305
2023-03-17 00:00:00-04:00,3961.0,3976.0,3922.75,3957.050048828125,3957.050048828125,1293523
2023-03-20 00:00:00-04:00,3963.25,3989.25,3897.0,3983.0,3983.0,1344261
2023-03-21 00:00:00-04:00,3986.0,4043.5,3981.75,4035.75,4035.75,901843
2023-03-22 00:00:00-04:00,4038.5,4074.0,3966.0,3970.5,3970.5,1109519
2023-03-23 00:00:00-04:00,3972.0,4039.5,3948.5,3978.0,3978.0,1473848
2023-03-24 00:00:00-04:00,3988.0,4011.0,3937.0,4001.25,4001.25,1342728
2023-03-27 00:00:00-04:00,4008.0,4034.5,3997.5,4007.25,4007.25,961869
2023-03-28 00:00:00-04:00,4014.25,4024.0,3980.75,4001.5,4001.5,829837
2023-03-29 00:00:00-04:00,4006.25,4061.5,4006.0,4057.5,4057.5,825817
2023-03-30 00:00:00-04:00,4058.0,4087.75,4052.5,4080.0,4080.0,862962
2023-03-31 00:00:00-04:00,4081.75,4142.5,4078.0,4137.75,4137.75,877764
2023-04-03 00:00:00-04:00,4127.25,4157.75,4122.0,4153.75,4153.75,827677
2023-04-04 00:00:00-04:00,4152.75,4171.75,4115.25,4129.0,4129.0,992255
2023-04-05 00:00:00-04:00,4133.25,4135.75,4099.0,4117.25,4117.25,880310
2023-04-06 00:00:00-04:00,4114.5,4135.25,4096.25,4132.0,4132.0,68211
2023-04-10 00:00:00-04:00,4139.0,4143.0,4098.75,4136.25,4136.25,727461
2023-04-11 00:00:00-04:00,4138.5,4151.75,4128.75,4136.5,4136.5,704860
2023-04-12 00:00:00-04:00,4137.5,4177.75,4113.5,4119.0,4119.0,1107157
2023-04-13 00:00:00-04:00,4118.0,4177.0,4110.25,4172.75,4172.75,824166
2023-04-14 00:00:00-04:00,4169.5,4189.25,4138.0,4163.75,4163.75,1155628
2023-04-17 00:00:00-04:00,4174.0,4180.5,4147.75,4176.75,4176.75,832732
2023-04-18 00:00:00-04:00,4176.75,4198.25,4164.5,4180.0,4180.0,877748
2023-04-19 00:00:00-04:00,4176.5,4187.5,4150.75,4178.5,4178.5,803932
2023-04-20 00:00:00-04:00,4173.25,4173.5,4136.75,4152.5,4152.5,952818
2023-04-21 00:00:00-04:00,4153.75,4161.0,4135.25,4156.75,4156.75,916521
2023-04-24 00:00:00-04:00,4150.25,4165.0,4133.25,4159.5,4159.5,816228
2023-04-25 00:00:00-04:00,4156.75,4158.25,4090.5,4093.25,4093.25,982508
2023-04-26 00:00:00-04:00,4110.75,4118.0,4066.0,4076.0,4076.0,1142361
2023-04-27 00:00:00-04:00,4085.5,4168.0,4080.75,4153.75,4153.75,867059
2023-04-28 00:00:00-04:00,4151.75,4193.75,4131.75,4188.5,4188.5,1027456
2023-05-01 00:00:00-04:00,4189.5,4206.25,4178.5,4185.75,4185.75,710363
2023-05-02 00:00:00-04:00,4179.5,4191.75,4105.5,4136.75,4136.75,1028199
2023-05-03 00:00:00-04:00,4133.5,4167.0,4094.75,4107.5,4107.5,1084088
2023-05-04 00:00:00-04:00,4088.25,4118.0,4062.25,4075.75,4075.75,1205872
2023-05-05 00:00:00-04:00,4077.5,4163.25,4076.75,4150.25,4150.25,822864
2023-05-08 00:00:00-04:00,4150.5,4161.0,4137.5,4152.75,4152.75,647107
2023-05-09 00:00:00-04:00,4150.5,4153.25,4131.0,4134.0,4134.0,595983
2023-05-10 00:00:00-04:00,4133.5,4173.0,4112.25,4152.0,4152.0,1143687
2023-05-11 00:00:00-04:00,4152.5,4168.5,4121.5,4143.75,4143.75,946289
2023-05-12 00:00:00-04:00,4145.0,4164.75,4110.75,4138.0,4138.0,807959
2023-05-15 00:00:00-04:00,4132.25,4156.25,4123.0,4150.0,4150.0,730307
2023-05-16 00:00:00-04:00,4148.5,4152.0,4120.0,4123.0,4123.0,796936
2023-05-17 00:00:00-04:00,4126.25,4179.0,4122.0,4171.5,4171.5,855812
2023-05-18 00:00:00-04:00,4171.25,4215.5,4161.0,4212.0,4212.0,959113
2023-05-19 00:00:00-04:00,4215.0,4227.25,4191.5,4204.75,4204.75,1009984
2023-05-22 00:00:00-04:00,4189.25,4221.75,4186.5,4205.0,4205.0,809436
2023-05-23 00:00:00-04:00,4207.25,4222.75,4153.0,4158.75,4158.75,983009
2023-05-24 00:00:00-04:00,4158.75,4166.0,4114.0,4126.0,4126.0,1150731
2023-05-25 00:00:00-04:00,4153.75,4175.75,4132.0,4159.75,4159.75,1181842
2023-05-26 00:00:00-04:00,4157.25,4221.25,4146.0,4213.25,4213.25,916757
2023-05-30 00:00:00-04:00,4230.25,4243.0,4200.0,4215.0,4215.0,1061118
2023-05-31 00:00:00-04:00,4213.0,4217.75,4173.0,4190.5,4190.5,968077
2023-06-01 00:00:00-04:00,4190.0,4239.75,4178.0,4228.0,4228.0,906092
2023-06-02 00:00:00-04:00,4231.75,4297.75,4228.75,4288.0,4288.0,1062730
2023-06-05 00:00:00-04:00,4288.5,4305.75,4273.0,4281.0,4281.0,943839
2023-06-06 00:00:00-04:00,4279.75,4294.75,4268.5,4289.75,4289.75,916910
2023-06-07 00:00:00-04:00,4291.5,4304.75,4269.25,4274.25,4274.25,1003342
2023-06-08 00:00:00-04:00,4273.25,4302.5,4262.5,4298.25,4298.25,757383
2023-06-09 00:00:00-04:00,4296.5,4325.75,4284.0,4304.75,4304.75,923629
2023-06-12 00:00:00-04:00,4305.25,4346.5,4304.5,4342.75,4342.75,241053
2023-06-13 00:00:00-04:00,4345.0,4378.0,4336.0,4371.75,4371.75,227193
2023-06-14 00:00:00-04:00,4372.25,4394.75,4339.75,4374.25,4374.25,216347
2023-06-15 00:00:00-04:00,4378.25,4441.0,4348.25,4426.5,4426.5,132675
2023-06-16 00:00:00-04:00,4424.75,4459.5,4415.0,4453.35009765625,4453.35009765625,977259
2023-06-20 00:00:00-04:00,4458.25,4462.0,4410.5,4434.75,4434.75,913269
2023-06-21 00:00:00-04:00,4430.5,4438.5,4403.0,4409.25,4409.25,896803
2023-06-22 00:00:00-04:00,4410.0,4427.0,4391.5,4423.75,4423.75,733378
2023-06-23 00:00:00-04:00,4425.5,4426.25,4381.75,4389.0,4389.0,790518
2023-06-26 00:00:00-04:00,4389.0,4403.25,4368.5,4370.25,4370.25,921154
2023-06-27 00:00:00-04:00,4375.5,4424.75,4371.25,4418.75,4418.75,797621
2023-06-28 00:00:00-04:00,4414.25,4430.25,4399.25,4417.5,4417.5,928921
2023-06-29 00:00:00-04:00,4423.0,4438.0,4409.75,4435.75,4435.75,844829
2023-06-30 00:00:00-04:00,4435.25,4498.25,4433.0,4488.25,4488.25,727472
2023-07-03 00:00:00-04:00,4485.0,4494.0,4479.5,4492.25,4492.25,279434
2023-07-05 00:00:00-04:00,4491.75,4493.75,4466.25,4483.75,4483.75,603752
2023-07-06 00:00:00-04:00,4482.0,4483.25,4419.25,4447.0,4447.0,776142
2023-07-07 00:00:00-04:00,4442.25,4476.0,4431.25,4434.0,4434.0,773300
2023-07-10 00:00:00-04:00,4437.75,4448.25,4411.0,4444.25,4444.25,715537
2023-07-11 00:00:00-04:00,4445.5,4478.5,4439.0,4473.5,4473.5,660458
2023-07-12 00:00:00-04:00,4471.5,4523.5,4469.0,4507.5,4507.5,852494
2023-07-13 00:00:00-04:00,4510.0,4551.5,4509.25,4543.5,4543.5,659144
2023-07-14 00:00:00-04:00,4539.0,4560.5,4531.0,4536.75,4536.75,740811
2023-07-17 00:00:00-04:00,4535.75,4565.75,4527.75,4553.75,4553.75,510362
2023-07-18 00:00:00-04:00,4550.0,4594.75,4544.75,4587.75,4587.75,629801
2023-07-19 00:00:00-04:00,4582.75,4609.5,4581.5,4597.0,4597.0,736591
2023-07-20 00:00:00-04:00,4594.0,4594.75,4557.0,4565.5,4565.5,814754
2023-07-21 00:00:00-04:00,4566.5,4590.0,4561.75,4564.75,4564.75,720036
2023-07-24 00:00:00-04:00,4564.25,4592.5,4559.75,4583.5,4583.5,566464
2023-07-25 00:00:00-04:00,4585.25,4608.75,4579.25,4596.0,4596.0,548982
2023-07-26 00:00:00-04:00,4604.5,4611.5,4573.5,4595.25,4595.25,712849
2023-07-27 00:00:00-04:00,4594.25,4634.5,4553.75,4564.25,4564.25,989662
2023-07-28 00:00:00-04:00,4567.0,4616.5,4558.25,4606.5,4606.5,831730
2023-07-31 00:00:00-04:00,4608.75,4619.25,4595.25,4614.5,4614.5,688609
2023-08-01 00:00:00-04:00,4617.5,4622.0,4590.5,4601.25,4601.25,629398
2023-08-02 00:00:00-04:00,4584.75,4593.5,4527.75,4537.25,4537.25,968273
2023-08-03 00:00:00-04:00,4534.25,4547.75,4505.75,4521.75,4521.75,967087
2023-08-04 00:00:00-04:00,4524.0,4560.75,4493.25,4498.0,4498.0,1175683
2023-08-07 00:00:00-04:00,4500.0,4541.75,4499.75,4537.75,4537.75,790299
2023-08-08 00:00:00-04:00,4539.0,4541.0,4482.0,4518.5,4518.5,851780
2023-08-09 00:00:00-04:00,4516.5,4536.25,4478.25,4485.75,4485.75,950820
2023-08-10 00:00:00-04:00,4493.5,4545.0,4473.5,4485.75,4485.75,1548994
2023-08-11 00:00:00-04:00,4487.25,4496.0,4458.75,4480.75,4480.75,925821
2023-08-14 00:00:00-04:00,4484.5,4507.75,4464.75,4506.0,4506.0,819398
2023-08-15 00:00:00-04:00,4506.0,4517.75,4447.0,4454.0,4454.0,974915
2023-08-16 00:00:00-04:00,4453.25,4467.25,4417.0,4420.0,4420.0,939469
2023-08-17 00:00:00-04:00,4420.75,4436.75,4377.75,4384.5,4384.5,1004262
2023-08-18 00:00:00-04:00,4380.25,4396.0,4350.0,4382.75,4382.75,1046797
2023-08-21 00:00:00-04:00,4382.5,4420.75,4372.0,4412.5,4412.5,980941
2023-08-22 00:00:00-04:00,4409.5,4440.0,4393.75,4399.25,4399.25,963377
2023-08-23 00:00:00-04:00,4400.0,4476.0,4399.0,4447.0,4447.0,768740
2023-08-24 00:00:00-04:00,4473.0,4485.5,4378.5,4386.0,4386.0,1075766
2023-08-25 00:00:00-04:00,4384.5,4429.0,4365.25,4414.25,4414.25,1279078
2023-08-28 00:00:00-04:00,4417.75,4449.5,4414.5,4442.25,4442.25,908100
2023-08-29 00:00:00-04:00,4444.0,4509.5,4433.25,4506.75,4506.75,850386
2023-08-30 00:00:00-04:00,4508.25,4530.75,4496.5,4524.25,4524.25,823777
2023-08-31 00:00:00-04:00,4527.0,4542.0,4513.0,4516.0,4516.0,777514
2023-09-01 00:00:00-04:00,4517.25,4547.75,4507.25,4521.5,4521.5,793983
2023-09-05 00:00:00-04:00,4520.5,4531.25,4499.0,4502.5,4502.5,714786
2023-09-06 00:00:00-04:00,4500.5,4503.75,4446.75,4471.5,4471.5,826885
2023-09-07 00:00:00-04:00,4469.75,4471.75,4433.25,4456.25,4456.25,889064
2023-09-08 00:00:00-04:00,4457.75,4477.5,4443.0,4461.75,4461.75,868284
2023-09-11 00:00:00-04:00,4463.5,4493.75,4459.0,4490.25,4490.25,354980
2023-09-12 00:00:00-04:00,4488.0,4490.25,4458.5,4465.0,4465.0,228506
2023-09-13 00:00:00-04:00,4463.75,4481.25,4446.5,4468.75,4468.75,211605
2023-09-14 00:00:00-04:00,4472.75,4514.75,4470.0,4506.0,4506.0,129972
2023-09-15 00:00:00-04:00,4510.0,4517.5,4480.0,4491.72021484375,4491.72021484375,924903
2023-09-18 00:00:00-04:00,4499.5,4514.5,4487.25,4501.5,4501.5,711250
2023-09-19 00:00:00-04:00,4502.5,4509.5,4462.25,4490.0,4490.0,772277
2023-09-20 00:00:00-04:00,4491.5,4508.0,4443.0,4447.0,4447.0,752785
2023-09-21 00:00:00-04:00,4445.0,4447.0,4366.25,4372.0,4372.0,1005561
2023-09-22 00:00:00-04:00,4369.5,4399.0,4357.5,4361.0,4361.0,867474
2023-09-25 00:00:00-04:00,4364.0,4383.5,4338.5,4378.75,4378.75,879375
2023-09-26 00:00:00-04:00,4382.5,4383.0,4305.5,4314.75,4314.75,866988
2023-09-27 00:00:00-04:00,4320.0,4336.5,4277.25,4313.5,4313.5,1122157
2023-09-28 00:00:00-04:00,4322.5,4355.5,4301.0,4337.5,4337.5,1153304
2023-09-29 00:00:00-04:00,4342.0,4371.0,4310.75,4325.5,4325.5,1131503
2023-10-02 00:00:00-04:00,4348.75,4356.75,4295.25,4324.25,4324.25,1218620
2023-10-03 00:00:00-04:00,4325.25,4335.75,4251.0,4264.75,4264.75,1279043
2023-10-04 00:00:00-04:00,4263.0,4304.0,4235.75,4297.75,4297.75,1190498
2023-10-05 00:00:00-04:00,4291.0,4302.25,4257.75,4290.75,4290.75,1131659
2023-10-06 00:00:00-04:00,4289.25,4358.5,4242.5,4341.5,4341.5,1165806
2023-10-09 00:00:00-04:00,4320.0,4375.75,4299.25,4368.75,4368.75,784239
2023-10-10 00:00:00-04:00,4368.0,4419.0,4366.25,4391.5,4391.5,804751
2023-10-11 00:00:00-04:00,4391.75,4419.75,4377.0,4409.75,4409.75,858066
2023-10-12 00:00:00-04:00,4417.5,4430.5,4355.5,4380.5,4380.5,1067431
2023-10-13 00:00:00-04:00,4381.5,4407.75,4341.0,4357.25,4357.25,1274056
2023-10-16 00:00:00-04:00,4356.25,4414.5,4354.25,4401.0,4401.0,918536
2023-10-17 00:00:00-04:00,4406.0,4423.25,4365.75,4401.75,4401.75,1126816
2023-10-18 00:00:00-04:00,4398.75,4399.75,4331.0,4342.25,4342.25,1388365
2023-10-19 00:00:00-04:00,4347.5,4366.5,4292.75,4303.0,4303.0,1592336
2023-10-20 00:00:00-04:00,4296.5,4304.25,4243.25,4248.5,4248.5,1195912
2023-10-23 00:00:00-04:00,4256.0,4280.5,4213.25,4241.75,4241.75,1159320
2023-10-24 00:00:00-04:00,4250.5,4290.5,4242.25,4271.25,4271.25,1096359
2023-10-25 00:00:00-04:00,4269.75,4273.5,4203.75,4209.75,4209.75,1225507
2023-10-26 00:00:00-04:00,4202.75,4205.0,4147.0,4156.5,4156.5,1468332
2023-10-27 00:00:00-04:00,4165.25,4185.25,4122.25,4137.75,4137.75,1462121
2023-10-30 00:00:00-04:00,4146.75,4197.25,4143.5,4185.75,4185.75,1011151
2023-10-31 00:00:00-04:00,4184.5,4215.25,4166.75,4212.25,4212.25,1030524
2023-11-01 00:00:00-04:00,4204.75,4265.0,4191.5,4256.0,4256.0,1143672
2023-11-02 00:00:00-04:00,4257.5,4340.0,4257.5,4335.75,4335.75,875849
2023-11-03 00:00:00-04:00,4328.25,4391.75,4325.75,4376.0,4376.0,899091
2023-11-06 00:00:00-05:00,4379.25,4389.5,4364.25,4384.25,4384.25,675380
2023-11-07 00:00:00-05:00,4380.0,4403.5,4366.0,4396.0,4396.0,741353
2023-11-08 00:00:00-05:00,4397.25,4407.75,4375.0,4399.5,4399.5,792594
2023-11-09 00:00:00-05:00,4393.25,4413.0,4356.75,4362.25,4362.25,992315
2023-11-10 00:00:00-05:00,4365.0,4435.5,4354.25,4430.5,4430.5,916688
2023-11-13 00:00:00-05:00,4425.75,4437.0,4407.25,4425.25,4425.25,717892
2023-11-14 00:00:00-05:00,4427.5,4524.0,4420.25,4511.0,4511.0,842775
2023-11-15 00:00:00-05:00,4515.0,4542.0,4510.75,4519.25,4519.25,823918
2023-11-16 00:00:00-05:00,4514.5,4529.5,4501.75,4523.25,4523.25,827939
2023-11-17 00:00:00-05:00,4528.0,4539.5,4512.5,4527.5,4527.5,711211
2023-11-20 00:00:00-05:00,4526.5,4571.0,4520.0,4562.25,4562.25,662538
2023-11-21 00:00:00-05:00,4561.5,4567.0,4536.0,4551.25,4551.25,612169
2023-11-22 00:00:00-05:00,4548.0,4580.5,4543.0,4567.25,4567.25,716219
2023-11-23 00:00:00-05:00,4565.0,4572.75,4562.0,4569.25,4569.25,716219
2023-11-24 00:00:00-05:00,4565.0,4574.0,4562.0,4568.25,4568.25,260254
2023-11-27 00:00:00-05:00,4568.25,4570.0,4552.0,4561.0,4561.0,618867
2023-11-28 00:00:00-05:00,4561.5,4577.25,4547.0,4563.0,4563.0,728574
2023-11-29 00:00:00-05:00,4564.0,4597.0,4555.5,4559.25,4559.25,800790
2023-11-30 00:00:00-05:00,4561.75,4579.5,4544.5,4576.75,4576.75,908797
2023-12-01 00:00:00-05:00,4571.25,4607.75,4562.5,4600.75,4600.75,903424
2023-12-04 00:00:00-05:00,4603.5,4604.25,4553.5,4576.5,4576.5,760264
2023-12-05 00:00:00-05:00,4572.5,4585.5,4555.5,4575.0,4575.0,811712
2023-12-06 00:00:00-05:00,4572.75,4598.5,4552.0,4556.0,4556.0,750244
2023-12-07 00:00:00-05:00,4556.0,4596.0,4548.75,4589.5,4589.5,814080
2023-12-08 00:00:00-05:00,4585.0,4613.75,4563.25,4607.5,4607.5,848284
2023-12-11 00:00:00-05:00,4607.75,4627.25,4599.25,4626.0,4626.0,281871
2023-12-12 00:00:00-05:00,4624.75,4649.75,4610.25,4645.75,4645.75,163161
2023-12-13 00:00:00-05:00,4648.75,4711.75,4645.0,4708.25,4708.25,153515
2023-12-14 00:00:00-05:00,4708.25,4739.0,4694.25,4721.75,4721.75,141089
2023-12-15 00:00:00-05:00,4717.25,4740.5,4694.27001953125,4694.27001953125,4694.27001953125,686588
2023-12-18 00:00:00-05:00,4770.25,4802.25,4769.5,4793.0,4793.0,471674
2023-12-19 00:00:00-05:00,4790.5,4821.5,4787.75,4820.25,4820.25,471388
2023-12-20 00:00:00-05:00,4818.25,4830.75,4743.25,4749.75,4749.75,833915
2023-12-21 00:00:00-05:00,4753.0,4798.25,4751.5,4796.75,4796.75,809708
2023-12-22 00:00:00-05:00,4795.75,4821.75,4784.75,4805.25,4805.25,616486
2023-12-26 00:00:00-05:00,4800.75,4834.5,4800.0,4825.0,4825.0,325139
2023-12-27 00:00:00-05:00,4827.25,4836.25,4816.5,4833.5,4833.5,501112
2023-12-28 00:00:00-05:00,4834.25,4841.5,4827.75,4832.25,4832.25,408326
2023-12-29 00:00:00-05:00,4833.5,4841.0,4796.75,4820.0,4820.0,560360
2024-01-02 00:00:00-05:00,4817.0,4828.0,4765.5,4787.25,4787.25,677805
2024-01-03 00:00:00-05:00,4790.0,4791.0,4740.75,4746.5,4746.5,774041
2024-01-04 00:00:00-05:00,4750.0,4766.5,4727.0,4729.5,4729.5,692255
2024-01-05 00:00:00-05:00,4732.25,4760.75,4702.0,4734.75,4734.75,845132
2024-01-08 00:00:00-05:00,4735.75,4803.5,4715.25,4801.25,4801.25,646811
2024-01-09 00:00:00-05:00,4798.0,4803.75,4767.5,4792.75,4792.75,698236
2024-01-10 00:00:00-05:00,4790.5,4828.5,4786.0,4820.25,4820.25,673819
2024-01-11 00:00:00-05:00,4820.25,4838.0,4772.75,4815.5,4815.5,944777
2024-01-12 00:00:00-05:00,4812.0,4836.5,4791.75,4816.5,4816.5,851630
2024-01-16 00:00:00-05:00,4811.75,4823.0,4779.5,4798.5,4798.5,1108159
2024-01-17 00:00:00-05:00,4799.25,4800.75,4746.25,4771.25,4771.25,833972
2024-01-18 00:00:00-05:00,4769.0,4817.0,4763.25,4811.25,4811.25,968573
2024-01-19 00:00:00-05:00,4811.0,4874.25,4808.75,4869.5,4869.5,908152
2024-01-22 00:00:00-05:00,4872.75,4898.5,4872.25,4881.0,4881.0,763985
2024-01-23 00:00:00-05:00,4881.5,4902.0,4874.25,4895.0,4895.0,582264
2024-01-24 00:00:00-05:00,4900.25,4933.25,4889.25,4898.0,4898.0,856462
2024-01-25 00:00:00-05:00,4900.0,4926.5,4893.25,4923.25,4923.25,851785
2024-01-26 00:00:00-05:00,4919.0,4934.75,4898.25,4916.25,4916.25,761939
2024-01-29 00:00:00-05:00,4909.0,4956.0,4901.5,4954.5,4954.5,614212
2024-01-30 00:00:00-05:00,4950.0,4957.25,4933.0,4951.0,4951.0,586863
2024-01-31 00:00:00-05:00,4930.75,4938.0,4866.0,4870.5,4870.5,956708
2024-02-01 00:00:00-05:00,4874.0,4964.0,4872.5,4928.5,4928.5,911777
2024-02-02 00:00:00-05:00,4953.75,4997.75,4925.75,4980.25,4980.25,894393
2024-02-05 00:00:00-05:00,4975.0,4980.75,4937.5,4962.0,4962.0,745022
2024-02-06 00:00:00-05:00,4960.0,4978.25,4954.5,4974.75,4974.75,670636
2024-02-07 00:00:00-05:00,4971.25,5020.0,4969.75,5015.25,5015.25,711246
2024-02-08 00:00:00-05:00,5015.0,5020.0,5004.0,5017.75,5017.75,511351
2024-02-09 00:00:00-05:00,5014.25,5048.5,5013.0,5044.0,5044.0,586634
2024-02-12 00:00:00-05:00,5042.25,5066.5,5031.5,5041.25,5041.25,520667
2024-02-13 00:00:00-05:00,5034.75,5040.0,4936.5,4971.25,4971.25,963360
2024-02-14 00:00:00-05:00,4974.0,5022.5,4968.25,5018.0,5018.0,859710
2024-02-15 00:00:00-05:00,5017.0,5052.0,5011.0,5046.5,5046.5,720007
2024-02-16 00:00:00-05:00,5049.25,5059.5,5012.75,5019.75,5019.75,830724
2024-02-20 00:00:00-05:00,5016.25,5029.5,4969.0,4991.5,4991.5,901550
2024-02-21 00:00:00-05:00,4989.5,5020.75,4959.25,4996.25,4996.25,909890
2024-02-22 00:00:00-05:00,5016.0,5107.75,5015.25,5097.75,5097.75,923180
2024-02-23 00:00:00-05:00,5093.25,5123.0,5092.0,5101.5,5101.5,792079
2024-02-26 00:00:00-05:00,5095.0,5108.0,5076.25,5080.25,5080.25,652847
2024-02-27 00:00:00-05:00,5078.25,5095.25,5067.0,5090.0,5090.0,593713
2024-02-28 00:00:00-05:00,5090.5,5091.5,5063.0,5081.0,5081.0,693410
2024-02-29 00:00:00-05:00,5071.0,5114.25,5060.0,5103.75,5103.75,878843
2024-03-01 00:00:00-05:00,5101.0,5149.5,5089.25,5146.0,5146.0,743459
2024-03-04 00:00:00-05:00,5141.5,5157.5,5132.0,5138.25,5138.25,581526
2024-03-05 00:00:00-05:00,5134.5,5136.0,5063.0,5085.75,5085.75,942829
2024-03-06 00:00:00-05:00,5091.0,5134.5,5083.75,5111.75,5111.75,960971
2024-03-07 00:00:00-05:00,5114.75,5170.5,5086.5,5161.75,5161.75,780905
2024-03-08 00:00:00-05:00,5158.5,5193.0,5121.75,5129.0,5129.0,1351405
2024-03-11 00:00:00-04:00,5131.5,5134.0,5094.75,5123.0,5123.0,412551
2024-03-12 00:00:00-04:00,5128.0,5183.25,5112.25,5177.25,5177.25,290203
2024-03-13 00:00:00-04:00,5175.5,5183.5,5153.0,5168.0,5168.0,168191
2024-03-14 00:00:00-04:00,5172.5,5189.5,5124.25,5153.75,5153.75,178645
2024-03-15 00:00:00-04:00,5153.75,5167.0,5101.669921875,5101.669921875,5101.669921875,874195
2024-03-18 00:00:00-04:00,5185.75,5240.25,5181.75,5214.75,5214.75,778745
2024-03-19 00:00:00-04:00,5214.5,5244.75,5186.0,5241.75,5241.75,746972
2024-03-20 00:00:00-04:00,5239.75,5297.75,5233.0,5286.75,5286.75,744334
2024-03-21 00:00:00-04:00,5295.0,5324.0,5293.25,5302.5,5302.5,668652
2024-03-22 00:00:00-04:00,5305.75,5311.75,5287.75,5293.25,5293.25,621109
2024-03-25 00:00:00-04:00,5290.25,5295.0,5272.75,5278.25,5278.25,515481
2024-03-26 00:00:00-04:00,5280.75,5300.5,5263.0,5265.25,5265.25,521780
2024-03-27 00:00:00-04:00,5272.5,5313.75,5270.5,5308.25,5308.25,718934
2024-03-28 00:00:00-04:00,5308.0,5321.0,5301.0,5308.5,5308.5,565727
2024-04-01 00:00:00-04:00,5312.75,5333.25,5282.25,5295.25,5295.25,659117
2024-04-02 00:00:00-04:00,5294.0,5296.0,5235.0,5260.5,5260.5,778153
2024-04-03 00:00:00-04:00,5262.25,5280.75,5244.25,5266.5,5266.5,825357
2024-04-04 00:00:00-04:00,5270.0,5308.5,5192.25,5197.25,5197.25,1173105
2024-04-05 00:00:00-04:00,5199.25,5272.5,5190.75,5253.0,5253.0,1130954
2024-04-08 00:00:00-04:00,5263.0,5269.25,5236.5,5253.25,5253.25,796978
2024-04-09 00:00:00-04:00,5257.0,5274.5,5208.75,5260.25,5260.25,1012262
2024-04-10 00:00:00-04:00,5264.0,5287.5,5177.0,5207.75,5207.75,1273870
2024-04-11 00:00:00-04:00,5203.5,5257.5,5171.25,5243.25,5243.25,1094613
2024-04-12 00:00:00-04:00,5243.0,5249.0,5150.0,5167.5,5167.5,1214069
2024-04-15 00:00:00-04:00,5166.25,5213.5,5094.0,5104.0,5104.0,1305891
2024-04-16 00:00:00-04:00,5102.0,5122.75,5078.5,5092.5,5092.5,1225551
2024-04-17 00:00:00-04:00,5095.5,5120.25,5047.0,5062.25,5062.25,1314909
2024-04-18 00:00:00-04:00,5064.25,5095.25,5038.5,5049.0,5049.0,1153921
2024-04-19 00:00:00-04:00,5048.0,5057.5,4963.25,5003.75,5003.75,1302315
2024-04-22 00:00:00-04:00,5014.0,5076.75,5006.0,5047.5,5047.5,1066413
2024-04-23 00:00:00-04:00,5050.0,5113.75,5037.75,5106.5,5106.5,906125
2024-04-24 00:00:00-04:00,5112.75,5128.75,5072.25,5107.5,5107.5,1036793
2024-04-25 00:00:00-04:00,5070.25,5132.75,5022.25,5082.25,5082.25,1211469
2024-04-26 00:00:00-04:00,5131.5,5146.5,5104.5,5131.5,5131.5,919003
2024-04-29 00:00:00-04:00,5140.0,5154.25,5118.75,5147.0,5147.0,781790
2024-04-30 00:00:00-04:00,5148.0,5148.5,5051.25,5067.0,5067.0,1026242
2024-05-01 00:00:00-04:00,5050.25,5126.25,5037.75,5046.5,5046.5,1167751
2024-05-02 00:00:00-04:00,5055.25,5112.75,5036.0,5091.5,5091.5,1151389
2024-05-03 00:00:00-04:00,5110.5,5168.0,5099.0,5154.75,5154.75,946743
2024-05-06 00:00:00-04:00,5166.5,5207.75,5155.5,5206.5,5206.5,604527
2024-05-07 00:00:00-04:00,5204.5,5226.75,5202.0,5213.75,5213.75,661116
2024-05-08 00:00:00-04:00,5211.75,5218.0,5188.75,5212.75,5212.75,653165
2024-05-09 00:00:00-04:00,5210.0,5244.75,5195.0,5239.0,5239.0,649051
2024-05-10 00:00:00-04:00,5240.5,5264.0,5232.75,5246.25,5246.25,639906
2024-05-13 00:00:00-04:00,5240.75,5264.0,5233.25,5245.5,5245.5,515542
2024-05-14 00:00:00-04:00,5242.75,5274.25,5216.5,5269.5,5269.5,744608
2024-05-15 00:00:00-04:00,5268.75,5337.0,5266.25,5333.0,5333.0,739192
2024-05-16 00:00:00-04:00,5331.5,5349.0,5315.5,5320.25,5320.25,735097
2024-05-17 00:00:00-04:00,5317.25,5328.75,5305.5,5327.25,5327.25,563426
2024-05-20 00:00:00-04:00,5328.75,5348.25,5323.75,5331.75,5331.75,604389
2024-05-21 00:00:00-04:00,5331.5,5347.5,5322.5,5345.25,5345.25,571609
2024-05-22 00:00:00-04:00,5344.25,5349.5,5302.5,5328.0,5328.0,660984
2024-05-23 00:00:00-04:00,5338.0,5368.25,5273.75,5285.25,5285.25,1145145
2024-05-24 00:00:00-04:00,5286.5,5329.25,5285.5,5321.5,5321.5,722678
2024-05-28 00:00:00-04:00,5321.5,5339.0,5297.0,5324.75,5324.75,901147
2024-05-29 00:00:00-04:00,5323.5,5323.75,5268.25,5284.0,5284.0,758119
2024-05-30 00:00:00-04:00,5271.0,5276.75,5238.0,5253.0,5253.0,857986
2024-05-31 00:00:00-04:00,5250.5,5307.0,5205.5,5295.5,5295.5,1133235
2024-06-03 00:00:00-04:00,5299.25,5315.0,5246.75,5297.25,5297.25,1077979
2024-06-04 00:00:00-04:00,5300.0,5312.25,5262.0,5304.0,5304.0,1002949
2024-06-05 00:00:00-04:00,5305.25,5368.0,5302.5,5366.0,5366.0,812528
2024-06-06 00:00:00-04:00,5365.5,5373.25,5345.25,5364.0,5364.0,708426
2024-06-07 00:00:00-04:00,5362.5,5385.75,5329.0,5355.75,5355.75,1089627
2024-06-10 00:00:00-04:00,5351.75,5375.5,5338.5,5371.25,5371.25,793751
2024-06-11 00:00:00-04:00,5370.0,5386.25,5334.25,5384.0,5384.0,759708
2024-06-12 00:00:00-04:00,5384.0,5454.75,5380.0,5427.5,5427.5,884274
2024-06-13 00:00:00-04:00,5436.75,5452.5,5408.5,5438.5,5438.5,812201
2024-06-14 00:00:00-04:00,5436.25,5443.0,5397.75,5437.5,5437.5,744598
2024-06-17 00:00:00-04:00,5435.5,5494.0,5424.75,5478.5,5478.5,229630
2024-06-18 00:00:00-04:00,5481.75,5494.0,5473.75,5491.0,5491.0,120953
2024-06-20 00:00:00-04:00,5492.25,5518.5,5458.5,5476.75,5476.75,182705
2024-06-21 00:00:00-04:00,5478.25,5484.0,5460.0,5471.89013671875,5471.89013671875,719538
2024-06-24 00:00:00-04:00,5538.25,5558.5,5510.25,5517.0,5517.0,830166
2024-06-25 00:00:00-04:00,5515.75,5539.75,5511.0,5537.0,5537.0,688858
2024-06-26 00:00:00-04:00,5535.0,5552.0,5516.25,5543.5,5543.5,689929
2024-06-27 00:00:00-04:00,5533.25,5555.0,5516.0,5546.0,5546.0,779042
2024-06-28 00:00:00-04:00,5548.75,5585.0,5510.5,5521.5,5521.5,1015689
2024-07-01 00:00:00-04:00,5534.0,5541.25,5504.5,5533.75,5533.75,863487
2024-07-02 00:00:00-04:00,5532.5,5569.75,5502.75,5568.75,5568.75,814190
2024-07-03 00:00:00-04:00,5563.0,5595.5,5559.75,5590.25,5590.25,454575
2024-07-05 00:00:00-04:00,5590.5,5625.75,5585.0,5621.5,5621.5,728434
2024-07-08 00:00:00-04:00,5612.25,5637.75,5610.5,5625.25,5625.25,590480
2024-07-09 00:00:00-04:00,5628.0,5645.75,5626.25,5631.25,5631.25,644194
2024-07-10 00:00:00-04:00,5631.75,5690.5,5630.75,5688.0,5688.0,676987
2024-07-11 00:00:00-04:00,5684.0,5707.75,5629.75,5639.75,5639.75,1078592
2024-07-12 00:00:00-04:00,5639.0,5708.0,5618.75,5664.75,5664.75,1048769
2024-07-15 00:00:00-04:00,5680.75,5718.75,5665.5,5683.0,5683.0,1267343
2024-07-16 00:00:00-04:00,5688.0,5721.25,5673.0,5717.25,5717.25,1038273
2024-07-17 00:00:00-04:00,5715.0,5717.75,5631.75,5639.0,5639.0,1179562
2024-07-18 00:00:00-04:00,5643.75,5664.0,5570.25,5594.5,5594.5,1504973
2024-07-19 00:00:00-04:00,5601.75,5607.5,5542.0,5553.75,5553.75,1086439
2024-07-22 00:00:00-04:00,5564.25,5616.0,5553.5,5610.75,5610.75,993656
2024-07-23 00:00:00-04:00,5608.5,5629.75,5588.25,5599.25,5599.25,897991
2024-07-24 00:00:00-04:00,5590.0,5590.5,5462.0,5472.0,5472.0,1163538
2024-07-25 00:00:00-04:00,5483.0,5533.25,5432.5,5441.25,5441.25,1472451
2024-07-26 00:00:00-04:00,5445.0,5528.25,5445.0,5499.0,5499.0,1188213
2024-07-29 00:00:00-04:00,5496.25,5534.5,5481.25,5503.0,5503.0,1015410
2024-07-30 00:00:00-04:00,5504.75,5527.75,5432.0,5472.5,5472.5,63069272
2024-07-31 00:00:00-04:00,5455.25,5588.75,5452.0,5558.0,5558.0,1137958
2024-08-01 00:00:00-04:00,5572.75,5601.0,5444.75,5480.25,5480.25,1709896
2024-08-02 00:00:00-04:00,5465.75,5473.0,5331.75,5376.0,5376.0,1494437
2024-08-05 00:00:00-04:00,5339.25,5345.75,5119.5,5217.5,5217.5,2094085
2024-08-06 00:00:00-04:00,5249.5,5341.5,5221.25,5266.25,5266.25,1459755
2024-08-07 00:00:00-04:00,5242.5,5359.25,5197.0,5227.5,5227.5,1523786
2024-08-08 00:00:00-04:00,5206.5,5361.0,5181.25,5348.25,5348.25,1379428
2024-08-09 00:00:00-04:00,5349.0,5385.25,5319.5,5370.25,5370.25,1129001
2024-08-12 00:00:00-04:00,5364.5,5396.5,5348.0,5369.75,5369.75,1088448
2024-08-13 00:00:00-04:00,5372.0,5461.25,5367.0,5459.0,5459.0,935298
2024-08-14 00:00:00-04:00,5455.5,5487.75,5438.75,5477.0,5477.0,935298
2024-08-15 00:00:00-04:00,5480.5,5571.5,5471.75,5566.75,5566.75,917240
